paper_id,backend,elapsed_seconds,statement_index,statement_text,statement_type,verdict,confidence,evidence_span
42703606,granite,48.54,0,"Young adults who were born in or moved to a Most Disadvantaged neighborhood are disproportionately Black (i.e., 91.1% of those who stayed in Most Disadvantaged neighborhoods were Black), and those who were born in or moved to a Disadvantaged neighborhood are more likely to be Hispanic than another race/ethnicity.",descriptive,supported,0.95,"Young adults who were born in or moved to a Most Disadvantaged neighborhood are disproportionately Black (i.e., 91.1% of those who stayed in Most Disadvantaged neighborhoods were Black), and those who were born in or moved to a Disadvantaged neighborhood are more likely to be Hispanic than another race/ethnicity."
42703606,granite,48.54,1,"Stayers in the Disadvantaged and Most Disadvantaged neighborhoods and especially movers between these two neighborhoods have substantially and significantly (p < 0.001) lower CVH scores (by 4.5, 6.3, and 9.8 points, respectively) than stayers in the Advantaged neighborhood.",quantitative,supported,0.98,"Stayers in the Disadvantaged and Most Disadvantaged neighborhoods and especially movers between these two neighborhoods have substantially and significantly (p < 0.001) lower CVH scores (by 4.5, 6.3, and 9.8 points, respectively) than stayers in the Advantaged neighborhood."
42703606,granite,48.54,2,"Physical activity scores are about 27 points lower for Most Disadvantaged stayers and 35 points lower for Disadvantaged-Most Disadvantaged movers than for Advantaged stayers in the unadjusted model (p < 0.001), and 12 (p < 0.01) and 22 points (p < 0.05) lower respectively with the inclusion of control variables.",quantitative,supported,0.97,"Physical activity scores are about 27 points lower for Most Disadvantaged stayers and 35 points lower for Disadvantaged-Most Disadvantaged movers than for Advantaged stayers in the unadjusted model (p < 0.001), and 12 (p < 0.01) and 22 points (p < 0.05) lower respectively with the inclusion of control variables."
42703606,granite,48.54,3,"Young adult schooling has a substantial and significant (p < 0.001) association with all four behavioral subscores: about 2.4 points higher per additional year of schooling for diet, three points higher for sleep, over five points higher for smoking, and almost eight points higher for physical activity.",quantitative,supported,0.96,"Young adult schooling has a substantial and significant (p < 0.001) association with all four behavioral subscores: about 2.4 points higher per additional year of schooling for diet, three points higher for sleep, over five points higher for smoking, and almost eight points higher for physical activity."
42703606,gpt,33.46,0,"The average CVH score is 69.2 out of a possible 100 (higher scores indicate better CVH). Not surprisingly given the oversampling of disadvantaged families in FFCWS, this CVH score is below the average score of 74.9 obtained from a composite sample of six contemporary cohorts ages 20-39 in the US (Ning et al., 2024).",quantitative,supported,0.95,"The average CVH score is 69.2 out of a possible 100 (higher scores indicate better CVH). Not surprisingly given the oversampling of disadvantaged families in FFCWS, this CVH score is below the average score of 74.9 obtained from a composite sample of six contemporary cohorts ages 20-39 in the US (Ning et al., 2024)."
42703606,gpt,33.46,1,"Three of the four clinical subscores (blood glucose, blood lipids, and blood pressure) are above 80 on average, reflecting relatively good health. Behavioral subscores (diet, physical activity, sleep, and nicotine exposure) and body mass index, however, have lower average scores. Diet and physical activity metrics are lowest at 39.7 and 42.7 respectively.",quantitative,supported,0.96,"Three of the four clinical subscores (blood glucose, blood lipids, and blood pressure) are above 80 on average, reflecting relatively good health. Behavioral subscores (diet, physical activity, sleep, and nicotine exposure) and body mass index, however, have lower average scores. Diet and physical activity metrics are lowest at 39.7 and 42.7 respectively."
42703606,gpt,33.46,2,"Variables reflecting the race/ethnicity and schooling of the young adults are significantly related to the overall CVH score (Model 1) with sizeable coefficients (p < 0.001): about four and five points lower than Whites for Hispanic and Black young adults, respectively, and about 2.8 points higher on the CVH score for each additional year of schooling.",associational,supported,0.95,"Variables reflecting the race/ethnicity and schooling of the young adults are significantly related to the overall CVH score (Model 1) with sizeable coefficients (p < 0.001): about four and five points lower than Whites for Hispanic and Black young adults, respectively, and about 2.8 points higher on the CVH score for each additional year of schooling."
42703606,gpt,33.46,3,"In Model 2, which includes only the neighborhood archetypes, stayers in the Disadvantaged and Most Disadvantaged neighborhoods and especially movers between these two neighborhoods (in either direction) have substantially and significantly (p < 0.001) lower CVH scores (by 4.5, 6.3, and 9.8 points, respectively) than stayers in the Advantaged neighborhood.",associational,supported,0.95,"In Model 2, which includes only the neighborhood archetypes, stayers in the Disadvantaged and Most Disadvantaged neighborhoods and especially movers between these two neighborhoods (in either direction) have substantially and significantly (p < 0.001) lower CVH scores (by 4.5, 6.3, and 9.8 points, respectively) than stayers in the Advantaged neighborhood."
42703606,gpt,33.46,4,"As expected, the coefficients for neighborhoods are substantially attenuated in the presence of the control variables in Model 3, but the CVH score for the movers between the Disadvantaged and Most Disadvantaged neighborhoods remains significantly lower by about 6.6 points than that for the stayers in Advantaged neighborhoods.",associational,supported,0.94,"As expected, the coefficients for neighborhoods are substantially attenuated in the presence of the control variables in Model 3, but the CVH score for the movers between the Disadvantaged and Most Disadvantaged neighborhoods remains significantly lower by about 6.6 points than that for the stayers in Advantaged neighborhoods."
42703606,gpt,33.46,5,"Overall, statistically significant associations with the neighborhood archetypes are more frequent for CVH-related behaviors than for clinical measures. The largest coefficients (in absolute value) are those for physical activity: about 27 and 35 points lower for the Most Disadvantaged stayers and Disadvantaged-Most Disadvantaged movers respectively than for Advantaged stayers in the unadjusted model (p < 0.001), and 12 (p < 0.01) and 22 points (p < 0.05) lower respectively with the inclusion of control variables.",associational,supported,0.9,"Overall, statistically significant associations with the neighborhood archetypes are more frequent for CVH-related behaviors than for clinical measures. The largest coefficients (in absolute value) are those for physical activity: about 27 and 35 points lower for the Most Disadvantaged stayers and Disadvantaged-Most Disadvantaged movers respectively than for Advantaged stayers in the unadjusted model (p < 0.001), and 12 (p < 0.01) and 22 points (p < 0.05) lower respectively with the inclusion of control variables."
42703606,gpt,33.46,6,"Young adult schooling has a substantial and significant (p < 0.001) association with all four behavioral subscores: about 2.4 points higher per additional year of schooling for diet, three points higher for sleep, over five points higher for smoking, and almost eight points higher for physical activity.",associational,unsupported,,
PMC13548070,granite,90.91,0,Aerobic exercise reduced body weight and fat mass in HFD-fed mice.,quantitative,supported,0.95,Aerobic exercise reduced body weight and fat mass
PMC13548070,granite,90.91,1,Aerobic exercise improved circulating lipid profiles in HFD-fed mice.,quantitative,supported,0.95,improved circulating lipid profiles
PMC13548070,granite,90.91,2,Aerobic exercise decreased serum creatinine and blood urea nitrogen levels in HFD-fed mice.,quantitative,supported,0.95,decreased serum creatinine and blood urea nitrogen levels
PMC13548070,granite,90.91,3,Aerobic exercise alleviated renal tubular injury in HFD-fed mice.,qualitative,supported,0.95,alleviated renal tubular injury
PMC13548070,granite,90.91,4,Aerobic exercise alleviated mesangial expansion in HFD-fed mice.,qualitative,supported,0.95,alleviated mesangial expansion
PMC13548070,granite,90.91,5,Aerobic exercise alleviated interstitial fibrosis in HFD-fed mice.,qualitative,supported,0.95,alleviated interstitial fibrosis
PMC13548070,granite,90.91,6,Aerobic exercise alleviated podocyte foot process effacement in HFD-fed mice.,qualitative,supported,0.95,alleviated podocyte foot process effacement
PMC13548070,granite,90.91,7,Aerobic exercise decreased renal lipid accumulation in HFD-fed mice.,qualitative,supported,0.95,decreased renal lipid accumulation
PMC13548070,granite,90.91,8,Aerobic exercise suppressed Drp1 phosphorylation at Ser616 in HFD-fed mice.,quantitative,supported,0.95,suppressed Drp1 phosphorylation at Ser616
PMC13548070,granite,90.91,9,Aerobic exercise reduced renal mtROS production in HFD-fed mice.,quantitative,supported,0.95,reduced renal mtROS production
PMC13548070,granite,90.91,10,Aerobic exercise reduced oxidative stress in HFD-fed mice.,qualitative,supported,0.95,reduced oxidative stress
PMC13548070,granite,90.91,11,Aerobic exercise improved mitochondrial morphology in HFD-fed mice.,qualitative,supported,0.95,improved mitochondrial morphology
PMC13548070,granite,90.91,12,Aerobic exercise restored mitochondrial membrane potential in HFD-fed mice.,quantitative,supported,0.95,restored mitochondrial membrane potential
PMC13548070,granite,90.91,13,Aerobic exercise increased ATP content in HFD-fed mice.,quantitative,partially supported,0.95,increased ATP production
PMC13548070,granite,90.91,14,Aerobic exercise modulated the expression of lipid-metabolism-related proteins in HFD-fed mice.,qualitative,supported,0.95,modulated the expression of lipid-metabolism-related proteins
PMC13548070,granite,90.91,15,"Pharmacological inhibition of Drp1 with Mdivi-1 largely reproduced the metabolic, mitochondrial, and renoprotective effects of aerobic exercise in HFD-fed mice.",qualitative,supported,0.95,"Pharmacological inhibition of Drp1 with Mdivi-1 largely reproduced the metabolic, mitochondrial, and renoprotective effects of aerobic exercise"
PMC13548070,granite,90.91,16,"Drp1 knockdown attenuated PA-induced mtROS accumulation, oxidative stress, mitochondrial dysfunction, and lipid deposition in HK-2 cells.",qualitative,supported,0.95,"Drp1 knockdown attenuated PA-induced mtROS accumulation, oxidative stress, mitochondrial dysfunction, and lipid deposition in HK-2 cells"
PMC13548070,granite,90.91,17,"Aerobic exercise exerts a protective effect on the kidneys of HFD-fed mice, at least in part, by inhibiting the Drp1-mtROS pathway.",qualitative,supported,0.95,"Aerobic exercise exerts a protective effect on the kidneys of HFD-fed mice, at least in part, by inhibiting the Drp1-mtROS pathway."
PMC13548070,gpt,23.78,0,"Aerobic exercise reduced body weight and fat mass, improved circulating lipid profiles, and decreased serum creatinine and blood urea nitrogen levels in HFD-fed mice.",quantitative,supported,0.93,"Aerobic exercise reduced body weight and fat mass, improved circulating lipid profiles, and decreased serum creatinine and blood urea nitrogen levels in HFD-fed mice."
PMC13548070,gpt,23.78,1,"Exercise also alleviated renal tubular injury, mesangial expansion, interstitial fibrosis, podocyte foot process effacement, and renal lipid accumulation.",qualitative,supported,0.93,"Exercise also alleviated renal tubular injury, mesangial expansion, interstitial fibrosis, podocyte foot process effacement, and renal lipid accumulation."
PMC13548070,gpt,23.78,2,"Mechanistically, aerobic exercise suppressed Drp1 phosphorylation at Ser616, reduced renal mtROS production and oxidative stress, improved mitochondrial morphology, restored mitochondrial membrane potential and ATP production, and modulated the expression of lipid-metabolism-related proteins.",qualitative,supported,0.94,"Mechanistically, aerobic exercise suppressed Drp1 phosphorylation at Ser616, reduced renal mtROS production and oxidative stress, improved mitochondrial morphology, restored mitochondrial membrane potential and ATP production, and modulated the expression of lipid-metabolism-related proteins."
PMC13548070,gpt,23.78,3,"Pharmacological inhibition of Drp1 with Mdivi-1 largely reproduced the metabolic, mitochondrial, and renoprotective effects of aerobic exercise.",qualitative,supported,0.9,"Pharmacological inhibition of Drp1 with Mdivi-1 largely reproduced the metabolic, mitochondrial, and renoprotective effects of aerobic exercise."
PMC13548070,gpt,23.78,4,Drp1 was knocked down in palmitic acid (PA)-treated HK-2 cells to further evaluate the role of the Drp1-mtROS pathway in lipid overload-induced renal tubular cell injury.,experimental_setup,supported,0.87,"In parallel, Drp1 was knocked down in palmitic acid (PA)-treated HK-2 cells to further evaluate the role of the Drp1-mtROS pathway in lipid overload-induced renal tubular cell injury."
PMC13548070,gpt,23.78,5,"Drp1 knockdown attenuated PA-induced mtROS accumulation, oxidative stress, mitochondrial dysfunction, and lipid deposition in HK-2 cells.",qualitative,supported,0.94,"Furthermore, Drp1 knockdown attenuated PA-induced mtROS accumulation, oxidative stress, mitochondrial dysfunction, and lipid deposition in HK-2 cells."
PMC13548070,gpt,23.78,6,"Aerobic exercise exerts a protective effect on the kidneys of HFD-fed mice, at least in part, by inhibiting the Drp1-mtROS pathway.",qualitative,supported,0.95,"Aerobic exercise exerts a protective effect on the kidneys of HFD-fed mice, at least in part, by inhibiting the Drp1-mtROS pathway."
PMC13548639,granite,32.58,0,"The heritability of sarcopenia index (SI) was estimated to be 16.17% in the combined-sex analysis, and 17.83% and 18.82% in males and females, respectively.",quantitative,supported,0.95,"LDSC estimated the heritability of SI to be 16.17% in the combined-sex analysis, and 17.83% and 18.82% in males and females, respectively."
PMC13548639,granite,32.58,1,"Eight loci overlapped with all three previously reported sarcopenia-related traits (ALM, handgrip strength, and walking pace).",quantitative,supported,0.9,"Among them, eight loci overlapped with all three traits (rs11060406, rs11666808, rs17207225, rs2763981, rs35325270, rs6120748, rs6142137, and rs71301804)."
PMC13548639,granite,32.58,2,The locus rs1145093 at chr15q21.1 near GATM showed a strong gene–sex interaction signal (p = 1.26 × 10−27).,quantitative,supported,0.95,"This analysis highlighted the locus rs1145093 at chr15q21.1 near GATM again (Fig. 3D), which showed a strong gene–sex interaction signal (p = 1.26 × 10−27)."
PMC13548639,granite,32.58,3,"The MAPK signaling pathway and cellular senescence pathway were consistently enriched across all analyses, indicating shared molecular mechanisms underlying sarcopenia.",qualitative,supported,0.9,"Pathway enrichment analysis of credible gene sets across sex categories revealed core biological processes closely associated with the SI (Table S13). Across all analyses, the MAPK signaling pathway and cellular senescence pathway were consistently enriched, indicating that inflammation, cellular stress, and aging represent shared molecular mechanisms underlying sarcopenia."
PMC13548639,gpt,38.54,0,"LDSC estimated the heritability of SI to be 16.17% in the combined-sex analysis, and 17.83% and 18.82% in males and females, respectively.",quantitative,supported,0.96,"LDSC estimated the heritability of SI to be 16.17% in the combined-sex analysis, and 17.83% and 18.82% in males and females, respectively (Figure S1B)."
PMC13548639,gpt,38.54,1,"We identified 774 unique independent SI-associated loci across all analyses, with 747 detected in the combined-sex GWAS, 283 in the male-stratified GWAS, and 311 in the female-stratified GWAS.",quantitative,supported,0.96,"We identified 774 unique independent SI-associated loci across all analyses, with 747 detected in the combined-sex GWAS, 283 in the male-stratified GWAS, and 311 in the female-stratified GWAS."
PMC13548639,gpt,38.54,2,"Among loci detected in the sex-stratified GWAS, 135 were female-only significant loci and 112 were male-only significant loci.",quantitative,supported,0.95,"Among loci detected in the sex-stratified GWAS, 135 were female-only significant loci and 112 were male-only significant loci (Table S1)."
PMC13548639,gpt,38.54,3,"Three loci (rs1145093-chr15q21.1-GATM, rs6036481-chr20p11.21-CST3, rs1047891-chr2q34-CPS1) showed significant SDE signals, while an additional 30 loci exhibited suggestive evidence of sex-differentiated effects.",associational,supported,0.95,"Three loci (rs1145093-chr15q21.1-GATM, rs6036481-chr20p11.21-CST3, rs1047891-chr2q34-CPS1) showed significant SDE signals, while an additional 30 loci exhibited suggestive evidence of sex-differentiated effects."
PMC13548639,gpt,38.54,4,The locus rs1145093 at chr15q21.1 near GATM showed a strong gene–sex interaction signal (p = 1.26 × 10−27).,associational,supported,0.97,"Subsequently, we performed gene–sex interaction analysis in an independent set of 251,203 unrelated individuals (Figure S5 and Table S5). This analysis highlighted the locus rs1145093 at chr15q21.1 near GATM again (Fig. 3D), which showed a strong gene–sex interaction signal (p = 1.26 × 10−27)."
PMC13548639,gpt,38.54,5,"Among these single-sex significant loci, 59 of 247 loci (23.9%) showed stronger associations in sex-stratified GWAS than in the combined-sex analysis, including 23 of 112 male-only significant loci (20.5%) and 36 of 135 female-only significant loci (26.7%).",quantitative,supported,0.94,"Among these single-sex significant loci, 59 of 247 loci (23.9%) showed stronger associations in sex-stratified GWAS than in the combined-sex analysis, including 23 of 112 male-only significant loci (20.5%) and 36 of 135 female-only significant loci (26.7%)."
PMC13548639,gpt,38.54,6,"Furthermore, 25 of 247 loci (10.1%) reached genome-wide significance only in sex-stratified analyses, comprising 8 of 112 male-only significant loci (7.1%) and 17 of 135 female-only significant loci (12.6%), but not in the combined-sex analysis.",quantitative,supported,0.94,"Furthermore, 25 of 247 loci (10.1%) reached genome-wide significance only in sex-stratified analyses, comprising 8 of 112 male-only significant loci (7.1%) and 17 of 135 female-only significant loci (12.6%), but not in the combined-sex analysis."
PMC13548639,gpt,38.54,7,The Pearson correlation coefficient between effect allele frequencies in females and males across significant loci was 0.99.,quantitative,supported,0.93,"The Pearson correlation coefficient between effect allele frequencies in females and males across significant loci was 0.99, indicating that sex-related heterogeneity was not driven by differences in allele frequencies."
PMC13548639,gpt,38.54,8,"Combined-sex, male-stratified and female-stratified SI showed significant associations in seven functional regions such as super enhancer, H3K27ac and conserved, whereas the UTR 3 and repressed regions were merely significant in female and combined-sex.",associational,supported,0.9,"Further S-LDSC analysis exhibited that SI of different sex types keep highly consistent in partitioned heritability. Combined-sex, male-stratified and female- stratified SI showed significant associations in seven functional regions such as super enhancer, H3K27ac and conserved. However, the UTR 3 and repressed regions were merely significant in female and combined-sex, indicating that these regions may play specific roles in female SI (Figure S2 and Table S2)."
PMC13548639,gpt,38.54,9,"Among SI-associated loci, 367 loci (47.4%) showed no overlap with previously reported ALM-, HGS-, or WP-associated loci and were therefore classified as novel.",quantitative,unsupported,,
PMC13548656,granite,88.4,0,Procedural success was achieved in 424 patients (90.7%).,quantitative,supported,0.95,Procedural success was achieved in 424 patients (90.7%).
PMC13548656,granite,88.4,1,"Among the machine learning algorithms, k-nearest neighbors demonstrated the highest testing accuracy (66%), followed by gradient boosting (64%), random forest (63%), and support vector machines (61%).",quantitative,supported,0.95,"Among the machine learning algorithms, k-nearest neighbors demonstrated the highest testing accuracy (66%), followed by gradient boosting (64%), random forest (63%), and support vector machines (61%)."
PMC13548656,granite,88.4,2,"The Xception model demonstrated the highest performance, achieving an AUC of 0.76 with favorable accuracy, sensitivity, and specificity.",quantitative,supported,0.95,"Among the evaluated architectures, the Xception model demonstrated the highest performance, achieving an AUC of 0.76 with favorable accuracy, sensitivity, and specificity."
PMC13548656,granite,88.4,3,Deep learning models consistently outperformed logistic regression.,qualitative,supported,0.9,Deep learning models consistently outperformed logistic regression.
PMC13548656,granite,88.4,4,Logistic regression achieved a training accuracy of 66% and a testing accuracy of 69%.,quantitative,supported,0.95,Logistic regression achieved a training accuracy of 66% and a testing accuracy of 69%.
PMC13548656,granite,88.4,5,The mean age of the cohort was 77 ± 11 years.,quantitative,supported,0.95,The mean age was 77 ± 11 years.
PMC13548656,granite,88.4,6,44.7% of patients were female.,quantitative,supported,0.95,44.7% of patients were female.
PMC13548656,granite,88.4,7,Nearly 40% of patients had a prior hospitalization for heart failure.,quantitative,supported,0.95,Nearly 40% of patients had a prior hospitalization for heart failure.
PMC13548656,granite,88.4,8,The mean post-procedural mitral valve gradient was 1.7 ± 0.9 mmHg.,quantitative,supported,0.95,The mean post-procedural mitral valve gradient was 1.7 ± 0.9 mmHg.
PMC13548656,granite,88.4,9,Procedural success was defined as residual MR ≤ mild and a mean mitral valve gradient < 5 mmHg at the conclusion of the procedure.,definition,supported,0.99,Procedural success was defined as residual MR ≤ mild and a mean mitral valve gradient < 5 mmHg at the conclusion of the procedure.
PMC13548656,granite,88.4,10,A total of 34 predetermined echocardiographic measurements were selected as input features for model development.,quantitative,supported,0.95,A total of 34 predetermined echocardiographic measurements were selected based on their known or potential association with procedural outcomes and were used as input features for model development.
PMC13548656,granite,88.4,11,"The dataset was randomly divided into training and testing cohorts, with model training performed exclusively on the training set.",procedural,supported,0.99,"The dataset was randomly divided into training and testing cohorts, with model training performed exclusively on the training set."
PMC13548656,granite,88.4,12,"Three convolutional neural network architectures, Inception, Xception, and MobileNet, were evaluated for binary classification.",quantitative,supported,0.95,"Three convolutional neural network architectures, Inception, Xception, and MobileNet, were evaluated for binary classification."
PMC13548656,granite,88.4,13,A 10-fold cross-validation strategy was employed for model evaluation.,procedural,supported,0.99,A 10-fold cross-validation strategy was employed.
PMC13548656,granite,88.4,14,"The Xception model achieved the highest performance, with an AUC of 0.76.",quantitative,supported,0.95,"Among the evaluated architectures, the Xception model demonstrated the highest performance, achieving an AUC of 0.76 with favorable accuracy, sensitivity, and specificity."
PMC13548656,gpt,35.65,0,Procedural success was defined as residual MR ≤ mild and a mean mitral valve gradient < 5 mmHg at the conclusion of the procedure.,definition,supported,0.99,Procedural success was defined as residual MR ≤ mild and a mean mitral valve gradient < 5 mmHg at the conclusion of the procedure.
PMC13548656,gpt,35.65,1,"A total of 481 patients underwent MTEER during the study period. Fourteen patients were excluded because of incomplete data, resulting in a final cohort of 467 patients.",quantitative,supported,0.99,"A total of 481 patients underwent MTEER during the study period. Fourteen patients were excluded because of incomplete data, resulting in a final cohort of 467 patients."
PMC13548656,gpt,35.65,2,"The mean age was 77 ± 11 years, and 44.7% of patients were female.",quantitative,supported,0.99,"The mean age was 77 ± 11 years, and 44.7% of patients were female."
PMC13548656,gpt,35.65,3,"Hypertension, atrial fibrillation, and coronary artery disease were highly prevalent. Nearly 40% of patients had a prior hospitalization for heart failure.",quantitative,supported,0.95,"Hypertension, atrial fibrillation, and coronary artery disease were highly prevalent. Nearly 40% of patients had a prior hospitalization for heart failure."
PMC13548656,gpt,35.65,4,"Most patients had moderate-to-severe or severe MR, with an equal distribution of degenerative and functional etiologies.",quantitative,supported,0.96,"Baseline echocardiographic characteristics are shown in Table 2. Most patients had moderate-to-severe or severe MR, with an equal distribution of degenerative and functional etiologies."
PMC13548656,gpt,35.65,5,The mean left ventricular ejection fraction was 50 ± 17%.,quantitative,supported,0.99,The mean left ventricular ejection fraction was 50 ± 17%.
PMC13548656,gpt,35.65,6,Procedural success was achieved in 424 patients (90.7%).,quantitative,supported,0.99,Procedural success was achieved in 424 patients (90.7%).
PMC13548656,gpt,35.65,7,"A single device was implanted in 56.0% of cases, while multiple devices were required in the remaining patients.",quantitative,supported,0.98,"A single device was implanted in 56.0% of cases, while multiple devices were required in the remaining patients."
PMC13548656,gpt,35.65,8,The mean post-procedural mitral valve gradient was 1.7 ± 0.9 mmHg.,quantitative,supported,0.99,The mean post-procedural mitral valve gradient was 1.7 ± 0.9 mmHg (Fig. 1).
PMC13548656,gpt,35.65,9,Logistic regression achieved a training accuracy of 66% and a testing accuracy of 69%.,quantitative,supported,0.99,Logistic regression achieved a training accuracy of 66% and a testing accuracy of 69%.
PMC13548656,gpt,35.65,10,"Among the machine learning algorithms, k-nearest neighbors demonstrated the highest testing accuracy (66%), followed by gradient boosting (64%), random forest (63%), and support vector machines (61%). Decision tree showed the lowest predictive performance, with a testing accuracy of 49%.",comparative,supported,0.99,"Among the machine learning algorithms, k-nearest neighbors demonstrated the highest testing accuracy (66%), followed by gradient boosting (64%), random forest (63%), and support vector machines (61%). Decision tree showed the lowest predictive performance, with a testing accuracy of 49%."
PMC13548656,gpt,35.65,11,"Deep learning models consistently outperformed logistic regression. Among the evaluated architectures, the Xception model demonstrated the highest performance, achieving an AUC of 0.76 with favorable accuracy, sensitivity, and specificity.",comparative,supported,,"Deep learning models consistently outperformed logistic regression. Among the evaluated architectures, the Xception model demonstrated the highest performance, achieving an AUC of 0.76 with favorable accuracy, sensitivity, and specificity."
PMC13548724,granite,41.02,0,Moderate AS should be considered a continuous rather than a categorical spectrum of disease. A Vmax of 3.0 m/s is clinically and prognostically distinct from values approaching the severe range (3.8–3.9 m/s).,qualitative,supported,0.95,Moderate AS should be considered a continuous rather than a categorical spectrum of disease. A Vmax of 3.0 m/s is clinically and prognostically distinct from values approaching the severe range (3.8–3.9 m/s).
PMC13548724,granite,41.02,1,"CT-derived AVA and sex-specific AVC scoring provide flow-independent anatomical adjudication, while CMR adds robust assessment of SV, flow status, and ventricular remodeling.",qualitative,supported,0.93,"CT-derived AVA and sex-specific AVC scoring provide flow-independent anatomical adjudication, while CMR adds robust assessment of SV, flow status, and ventricular remodeling."
PMC13548724,granite,41.02,2,"In moderate AS, FR < 218 mL/s was independently associated with a twofold higher risk of mortality and HF hospitalization, outperforming SVi.",quantitative,supported,0.9,"In a large multicenter cohort, FR < 218 mL/s was independently associated with a twofold higher risk of mortality and HF hospitalization, outperforming SVi."
PMC13548724,granite,41.02,3,"In moderate AS with LV dysfunction, 61% reached a composite endpoint of death, AVR, or HF hospitalization within 4 years.",quantitative,supported,0.92,"In moderate AS with LV dysfunction, 61% reached a composite endpoint of death, AVR, or HF hospitalization within 4 years."
PMC13548724,granite,41.02,4,Up to one-quarter of patients initially labeled moderate by TTE are re-stratified after multimodality testing.,quantitative,supported,0.88,"Applying advanced criteria reclassifies a substantial proportion of cases as either severe or mild, with prospective studies confirming that up to one-quarter of patients initially labeled moderate by TTE are re-stratified after multimodality testing."
PMC13548724,gpt,45.65,0,"Current European guidelines define moderate aortic stenosis by an aortic valve area (AVA) of 1.0–1.5 cm² (indexed AVA 0.60–0.85 cm²/m²), a peak jet velocity (Vmax) of 3.0–3.9 m/s, and/or a transvalvular mean gradient (MG) of 20–39 mmHg under normal-flow conditions.",definition,supported,0.98,"Current European guidelines define moderate AS by an aortic valve area (AVA) of 1.0–1.5 cm² (indexed AVA 0.60–0.85 cm²/m²), a peak jet velocity (Vmax) of 3.0–3.9 m/s, and/or a transvalvular mean gradient (MG) of 20–39 mmHg under normal-flow conditions [2]."
PMC13548724,gpt,45.65,1,Registry data suggest that moderate aortic stenosis accounts for 30–45% of clinically relevant aortic stenosis in elderly cohorts.,quantitative,supported,0.9,Registry data suggest that moderate AS accounts for 30–45% of clinically relevant AS in elderly cohorts [3–5].
PMC13548724,gpt,45.65,2,Longitudinal studies reveal that many patients with moderate aortic stenosis progress to severe aortic stenosis within a few years.,associational,partially supported,0.85,Longitudinal studies reveal that many patients progress to severe AS within a few years.
PMC13548724,gpt,45.65,3,Adverse outcomes such as heart failure hospitalization and mortality can occur in patients with moderate aortic stenosis without apparent echocardiographic progression.,associational,partially supported,0.9,"Yet, adverse outcomes such as heart failure (HF) hospitalization and mortality can also occur without apparent echocardiographic progression [6, 7]."
PMC13548724,gpt,45.65,4,"In the clinical staging system by Généreux et al., some patients present with acute decompensation, bypassing mild symptoms, and experience markedly higher mortality and heart failure hospitalization rates following aortic valve replacement.",associational,supported,0.86,"the clinical staging system proposed by Généreux et al., distinguishing stable, progressive, and acute valve syndromes, highlights that some patients present with acute decompensation, bypassing mild symptoms, and experience markedly higher mortality and HF hospitalization rates following aortic valve replacement (AVR) [7]."
PMC13548724,gpt,45.65,5,"Comorbidities, particularly chronic kidney disease, contribute to myocardial remodeling and dysfunction in patients with moderate aortic stenosis.",associational,partially supported,0.84,"Risk in moderate AS is not dictated solely by valvular hemodynamics. Comorbidities, particularly chronic kidney disease, contribute to myocardial remodeling and dysfunction [8]."
PMC13548724,gpt,45.65,6,A reduced transaortic flow rate (FR < 218 mL/s) has demonstrated prognostic value in aortic stenosis.,associational,supported,0.9,"Furthermore, emerging parameters, such as a reduced transaortic flow rate (FR < 218 mL/s), have demonstrated prognostic value [6]."
PMC13548724,gpt,45.65,7,"Observational studies consistently demonstrate a graded relationship between higher baseline peak velocity, mean gradient, and adverse outcomes, including faster progression to severe aortic stenosis, increased risk of heart failure hospitalization, and mortality.",associational,supported,0.92,"Observational studies consistently demonstrate a graded relationship between higher baseline Vmax, MG, and adverse outcomes, including faster progression to severe AS, increased risk of HF hospitalization, and mortality [6, 9]."
PMC13548724,gpt,45.65,8,Patients with moderate aortic stenosis and high baseline aortic valve calcium scores tend to exhibit steeper annual increases in peak velocity and more rapid hemodynamic deterioration compared with those with lower calcific load.,associational,supported,0.9,"patients with moderate AS and high baseline aortic valve calcium (AVC) scores tend to exhibit steeper annual increases in Vmax and more rapid hemodynamic deterioration compared with those with lower calcific load [10, 11]."
PMC13548724,gpt,45.65,9,"In a multicenter study by Mittal et al., up to 23% of patients labeled severe by echocardiography were reclassified as moderate when CT-derived aortic valve area exceeded 1.0 cm².",quantitative,supported,0.93,"In a multicenter study by Mittal et al. [20], up to 23% of patients labeled severe by echocardiography were reclassified as moderate when CT-AVA exceeded 1.0 cm², underscoring its corrective capacity."
PMC13548724,gpt,45.65,10,"Comparative studies show that CT-derived aortic valve area correlates with both catheter-derived and Doppler values, although CT yields slightly larger areas; thus, modality-specific cut-offs are recommended (< 1.2 cm² for CT versus < 1.0 cm² for transthoracic echocardiography) for severe aortic stenosis.",definition,supported,0.9,"Comparative studies show that CT-AVA correlates with both catheter-derived and Doppler values, although CT yields slightly larger areas; thus, modality-specific cut-offs are recommended (< 1.2 cm² for CT versus < 1.0 cm² for TTE) for severe AS [22, 23]."
PMC13548724,gpt,45.65,11,"In a large multicenter cohort, transaortic flow rate < 218 mL/s was independently associated with a twofold higher risk of mortality and heart failure hospitalization, outperforming stroke volume index.",associational,supported,,"More recently, transaortic FR, calculated as stroke volume divided by LV ejection time, has emerged as a robust parameter, reflecting forward flow more accurately than SVi. In a large multicenter cohort, FR < 218 mL/s was independently associated with a twofold higher risk of mortality and HF hospitalization, outperforming SVi [6]."
PMC13549532,granite,70.95,0,"Elevated serum anion gap (AG) is frequently associated with severe acid-base imbalances and poor outcomes in critically ill patients with metabolic acidosis, particularly in conditions such as sepsis.",associative,supported,0.95,"Elevated serum AG is frequently associated with severe acid-base imbalances and poor outcomes in critically ill patients with metabolic acidosis, particularly in conditions such as sepsis."
PMC13549532,granite,70.95,1,"In the American MIMIC-IV cohort, patients with an AG ≥ 15 mmol/L (quartile 4) had a significantly higher risk of both in-hospital (HR = 5.97, 95% CI: 1.59–27.9, P = .038) and 28-day (HR = 5.26, 95% CI: 1.75–17.3, P = .020) all-cause mortality compared to those with an AG < 7.0 mmol/L (quartile 1).",quantitative,supported,0.98,"patients with an AG ≥ 15 mmol/L (quartile 4) had a significantly higher risk of both in-hospital (HR = 5.97, 95% CI: 1.59–27.9, P = .038) and 28-day (HR = 5.26, 95% CI: 1.75–17.3, P = .020) all-cause mortality compared to those with an AG < 7.0 mmol/L (quartile 1)."
PMC13549532,granite,70.95,2,"In the Chinese Central-III cohort, patients with an AG ≥ 14.3 mmol/L (quartile 4) had an increased risk of in-hospital (HR = 3.35, 95% CI: 1.62–7.29, P < .001) and 28-day (HR = 4.18, 95% CI: 2.21–8.13, P < .001) all-cause mortality compared to quartile 1.",quantitative,supported,0.97,"patients with an AG ≥ 14.3 mmol/L (quartile 4) had an increased risk of in-hospital (HR = 3.35, 95% CI: 1.62–7.29, P < .001) and 28-day (HR = 4.18, 95% CI: 2.21–8.13, P < .001) all-cause mortality compared to quartile 1."
PMC13549532,granite,70.95,3,Restricted cubic spline analysis revealed a nonlinear association between AG levels and all-cause mortality in the American MIMIC-IV cohort (nonlinear P = .0004 for both in-hospital and 28-day mortality).,associative,supported,0.96,RCS analysis revealed a nonlinear association between AG levels and all-cause mortality in the American MIMIC-IV cohort (nonlinear P = .0004 for both in-hospital and 28-day mortality).
PMC13549532,granite,70.95,4,"In subgroup analyses among nondiabetic patients, AG levels were significantly associated with 28-day mortality in both the US MIMIC-IV cohort (P for trend = .023) and the Chinese Central-III cohort (P for trend = .011), as well as with in-hospital mortality in the Chinese Central-III cohort (P for trend = .047).",associative,supported,0.94,"Among nondiabetic patients, AG levels were significantly associated with 28-day mortality in both the US MIMIC-IV cohort (P for trend = .023) and the Chinese Central-III cohort (P for trend = .011), as well as with in-hospital mortality in the Chinese Central-III cohort (P for trend = .047)."
PMC13549532,granite,70.95,5,"ROC analysis in the Chinese Central-III cohort showed that the predictive performance of AG for both in-hospital and 28-day mortality in critically ill GI perforation patients was comparable to that of the SAPS II score, with AUC values of 0.833 (95% CI: 0.729–0.906) and 0.707 (95% CI: 0.615–0.774), respectively, outperforming lactate, albumin, and RDW.",quantitative,supported,0.96,"ROC analysis in the Chinese Central-III cohort showed that the predictive performance of AG for both in-hospital and 28-day mortality in critically ill GI perforation patients was comparable to that of the SAPS II score, with AUC values of 0.833 (95% CI: 0.729–0.906) and 0.707 (95% CI: 0.615–0.774), respectively, outperforming lactate, albumin, and RDW."
PMC13549532,gpt,36.11,0,"Despite modern advances in antibiotics, surgical techniques, imaging, and resuscitation, GI perforation in critically ill patients remains a major challenge, with mortality rates still ranging from 16.9% to 30%.",quantitative,supported,0.9,"GI perforation in critically ill patients remains a major challenge, with mortality rates still ranging from 16.9% to 30%.[7-10]"
PMC13549532,gpt,36.11,1,"In the American MIMIC-IV cohort, there were 65 (11.8%) in-hospital mortalities and 136 (24.6%) 28-day mortalities, with the highest rates in quartile 4 (35 in-hospital mortalities [53.8%] and 55 28-day mortalities [40.4%]).",quantitative,supported,0.99,"In the American MIMIC-IV cohort, there were 65 (11.8%) in-hospital mortalities and 136 (24.6%) 28-day mortalities, with the highest rates in quartile 4 (35 in-hospital mortalities [53.8%] and 55 28-day mortalities [40.4%])."
PMC13549532,gpt,36.11,2,"The Chinese Central-III cohort showed similar trends, with 100 (16.3%) in-hospital mortalities and 153 (24.8%) 28-day mortalities, also highest in quartile 4 (42 in-hospital mortalities [42.0%] and 66 28-day mortalities [43.1%]).",quantitative,supported,0.99,"The Chinese Central-III cohort showed similar trends, with 100 (16.3%) in-hospital mortalities and 153 (24.8%) 28-day mortalities, also highest in quartile 4 (42 in-hospital mortalities [42.0%] and 66 28-day mortalities [43.1%])."
PMC13549532,gpt,36.11,3,"After adjusting for confounders in the MIMIC-IV cohort, patients with an AG ≥ 15 mmol/L (quartile 4) had a significantly higher risk of in-hospital all-cause mortality compared to those with an AG < 7.0 mmol/L (quartile 1).",associative,supported,0.99,"After adjusting for confounders in the MIMIC-IV cohort, patients with an AG ≥ 15 mmol/L (quartile 4) had a significantly higher risk of both in-hospital (HR = 5.97, 95% CI: 1.59–27.9, P = .038) ... all-cause mortality compared to those with an AG < 7.0 mmol/L (quartile 1; Table 2)."
PMC13549532,gpt,36.11,4,"After adjusting for confounders in the MIMIC-IV cohort, patients with an AG ≥ 15 mmol/L (quartile 4) had a significantly higher risk of 28-day all-cause mortality compared to those with an AG < 7.0 mmol/L (quartile 1).",associative,supported,0.99,"patients with an AG ≥ 15 mmol/L (quartile 4) had a significantly higher risk of both in-hospital (HR = 5.97, 95% CI: 1.59–27.9, P = .038) and 28-day (HR = 5.26, 95% CI: 1.75–17.3, P = .020) all-cause mortality compared to those with an AG < 7.0 mmol/L (quartile 1; Table 2)."
PMC13549532,gpt,36.11,5,"In the Chinese Central-III cohort, patients with an AG ≥ 14.3 mmol/L (quartile 4) had an increased risk of in-hospital all-cause mortality compared to quartile 1.",associative,supported,0.99,"Similar findings were observed in the Chinese Central-III cohort, where patients with an AG ≥ 14.3 mmol/L (quartile 4) had an increased risk of in-hospital (HR = 3.35, 95% CI: 1.62–7.29, P < .001) ... all-cause mortality compared to quartile 1 (Table 2)."
PMC13549532,gpt,36.11,6,"In the Chinese Central-III cohort, patients with an AG ≥ 14.3 mmol/L (quartile 4) had an increased risk of 28-day all-cause mortality compared to quartile 1.",associative,supported,0.99,"Similar findings were observed in the Chinese Central-III cohort, where patients with an AG ≥ 14.3 mmol/L (quartile 4) had an increased risk of ... 28-day (HR = 4.18, 95% CI: 2.21–8.13, P < .001) all-cause mortality compared to quartile 1 (Table 2)."
PMC13549532,gpt,36.11,7,RCS analysis revealed a nonlinear association between AG levels and all-cause mortality in the American MIMIC-IV cohort for both in-hospital and 28-day mortality.,associative,supported,0.95,RCS analysis revealed a nonlinear association between AG levels and all-cause mortality in the American MIMIC-IV cohort (nonlinear P = .0004 for both in-hospital and 28-day mortality).
PMC13549532,gpt,36.11,8,"In the Chinese Central-III cohort, AG levels were nonlinearly associated with in-hospital and 28-day mortality, with nonlinear P-values of .0086 and .0095, respectively.",associative,supported,0.95,"Similar results were observed in the Chinese Central-III cohort, where AG levels were nonlinearly associated with in-hospital and 28-day mortality, with nonlinear P-values of .0086 and .0095, respectively (Fig. 2A, B)."
PMC13549532,gpt,36.11,9,"In the Central-III cohort, the critical AG levels associated with the lowest risk of in-hospital and",,,,
PMC13549540,granite,22.8,0,"An increase in GNRI in older adults is associated with a reduced risk of UI after adjusting for covariates, regardless of the type of UI.",quantitative,supported,0.95,"The results of this study show that an increase in GNRI in older adults is associated with a reduced risk of UI after adjusting for covariates, regardless of the type of UI."
PMC13549540,granite,22.8,1,The smooth curve fitting shows a negative linear relationship between GNRI and UI.,quantitative,supported,0.9,The smooth curve fitting reveals a negative linear association between GNRI and 3 types of UI.
PMC13549540,granite,22.8,2,"The association between GNRI and SUI, MUI was stronger in men than in women.",quantitative,supported,0.85,The subgroup analysis demonstrates a stronger association between GNRI and both SUI and MUI in males than in females.
PMC13549540,gpt,40.58,0,"Of the study individuals, 32.1% disclosed a history of SUI, 36.5% manifested a previous occurrence of UUI, and 17.8% reported symptoms indicative of MUI.",quantitative,supported,0.98,"Of the study individuals, 32.1% disclosed a history of SUI, 36.5% manifested a previous occurrence of UUI, and 17.8% reported symptoms indicative of MUI."
PMC13549540,gpt,40.58,1,"Based on the quartiles of GNRI, participants in the highest quartile had a lower risk of 3 types of UI (all P < .05).",associational,supported,0.9,"Based on the quartiles of GNRI, participants in the highest quartile had a lower risk of 3 types of UI (all P < .05)."
PMC13549540,gpt,40.58,2,"In model 3, there was a decrease in the risk of UI with each successive unit increase in GNRI (SUI: odds ratio [OR] = 0.986, 95% CI: 0.974–0.999; UUI: OR = 0.972, 95% CI: 0.961–0.983; MUI: OR = 0.972, 95% CI: 0.957–0.987, all P < .05).",associational,supported,0.99,"In model 3, there was a decrease in the risk of UI with each successive unit increase in GNRI (SUI: odds ratio [OR] = 0.986, 95% CI: 0.974–0.999; UUI: OR = 0.972, 95% CI: 0.961–0.983; MUI: OR = 0.972, 95% CI: 0.957–0.987, all P < .05)."
PMC13549540,gpt,40.58,3,"In model 3, survey individuals belonging to the highest GNRI quartile (Q4) had a lower likelihood of UI compared to participants in the lowest group (Q1) (SUI: OR = 0.797, 95% CI: 0.672–0.945; UUI: OR = 0.722, 95% CI: 0.615–0.848; MUI: OR = 0.674, 95% CI: 0.538–0.845, all P for trend < .05).",associational,supported,0.99,"After converting GNRI into a categorical variable according to the GNRI quartiles (Q1–Q4), the negative connection still existed. In model 3, survey individuals belonging to the highest GNRI quartile (Q4) had a lower likelihood of UI compared to participants in the lowest group (Q1) (SUI: OR = 0.797, 95% CI: 0.672–0.945; UUI: OR = 0.722, 95% CI: 0.615–0.848; MUI: OR = 0.674, 95% CI: 0.538–0.845, all P for trend < .05)."
PMC13549540,gpt,40.58,4,The results demonstrated that the GNRI was negatively related to the likelihood of UI.,associational,supported,0.94,The results demonstrated that the GNRI was negatively related to the likelihood of UI.
PMC13549540,gpt,40.58,5,The smooth curve fitting revealed a negative linear association between GNRI and 3 types of UI.,associational,supported,0.92,"Furthermore, the smooth curve fitting revealed a negative linear association between GNRI and 3 types of UI (Fig. 2)."
PMC13549540,gpt,40.58,6,"Subgroup analysis stratified by gender, age, BMI, hypertension, and diabetes was conducted to explore the stability of the negative relationship between GNRI and UI. In Figure 3A, the negative association between GNRI and SUI was stronger in males compared to females. Additionally, a difference was observed in the relationship between GNRI and MUI as shown in Figure 3C (P for interaction < .05). In UUI, there were no significant differences in subgroups.",associational,partially supported,0.9,"Subgroup analysis stratified by gender, age, BMI, hypertension, and diabetes was conducted to explore the stability of the negative relationship between GNRI and UI. In Figure 3A, the negative association between GNRI and SUI was stronger in males compared to females. Additionally, a difference was observed in the relationship between GNRI and MUI as shown in Figure 3C (P for interaction < .05). In UUI, there were no significant differences in subgroups (Fig. 3B). Therefore, gender may be a potential factor influencing the connection."
PMC13549540,gpt,40.58,7,"Our study indicated a negative relationship between GNRI and all 3 types of UI (SUI, UUI, and MUI). Notably, even upon stratification of GNRI into quartiles, the negative connection remained stable.",associational,supported,0.94,"Our study indicated a negative relationship between GNRI and all 3 types of UI (SUI, UUI, and MUI). Notably, even upon stratification of GNRI into quartiles, the negative connection remained stable."
PMC13549540,gpt,40.58,8,"The relation between GNRI and SUI, MUI was stronger in men than in women.",associational,supported,,
PMC13549558,granite,44.39,0,"AGP was positively associated with SUA across all models. In the fully adjusted model (model 3), each 1 g/L increase in AGP was associated with a 0.68 mg/dL increase in SUA (β = 0.68, 95% CI: 0.28–1.09, P = .001).",quantitative,supported,0.95,"AGP was positively associated with SUA across all models. In the fully adjusted model (model 3), each 1 g/L increase in AGP was associated with a 0.68 mg/dL increase in SUA (β = 0.68, 95% CI: 0.28–1.09, P = .001)."
PMC13549558,granite,44.39,1,The TyG index statistically accounted for 24.52% of the association between AGP and SUA.,quantitative,supported,0.9,"the TyG index exerted a significant partial mediating effect. The total effect of AGP on SUA was partitioned into a direct effect (β = 0.52, P = .040) and an indirect effect mediated through the TyG index (β = 0.16, P < .001), with the indirect pathway accounting for 24.52% of the total effect."
PMC13549558,granite,44.39,2,AGP exhibited the strongest positive correlation with SUA among the evaluated inflammatory markers (ρ = 0.27).,quantitative,supported,0.93,"AGP exhibited the strongest positive correlation with SUA (ρ = 0.27), followed by SIRI (ρ = 0.19) and NLR (ρ = 0.13), whereas PLR demonstrated a weak negative correlation (ρ = −0.07)."
PMC13549558,granite,44.39,3,"AGP had an area under the curve (AUC) of 0.641 for predicting hyperuricemia, which was higher than that of SIRI (AUC = 0.626), NLR (AUC = 0.577), and PLR (AUC = 0.531).",quantitative,supported,0.92,"AGP had an area under the curve (AUC) of 0.641 (95% CI: 0.576–0.706, P < .001), which was higher than that of SIRI (AUC = 0.626), NLR (AUC = 0.577), and PLR (AUC = 0.531)."
PMC13549558,gpt,36.06,0,"In the fully adjusted model (model 3), each 1 g/L increase in AGP was associated with a 0.68 mg/dL increase in SUA (β = 0.68, 95% confidence interval [CI]: 0.28–1.09, P = .001).",quantitative,supported,0.98,"In the fully adjusted model (model 3), each 1 g/L increase in AGP was associated with a 0.68 mg/dL increase in SUA (β = 0.68, 95% confidence interval [CI]: 0.28–1.09, P = .001)."
PMC13549558,gpt,36.06,1,"When AGP was analyzed as tertiles, participants in the highest tertile (Q3) had significantly higher SUA levels compared with those in the lowest tertile (Q1; β = 0.35, 95% CI: 0.11–0.58, P = .011).",quantitative,supported,0.98,"When AGP was analyzed as tertiles, participants in the highest tertile (Q3) had significantly higher SUA levels compared with those in the lowest tertile (Q1; β = 0.35, 95% CI: 0.11–0.58, P = .011)."
PMC13549558,gpt,36.06,2,A significant dose-response relationship was also observed (P for trend = .003).,quantitative,supported,0.9,A significant dose-response relationship was also observed (P for trend = .003).
PMC13549558,gpt,36.06,3,Both the prevalence of hyperuricemia and mean SUA concentrations increased progressively with rising AGP levels (P < .001).,associational,supported,0.96,"Regarding inflammatory and metabolic indicators, participants in the highest AGP tertile had significantly higher TyG index, NLR, and SIRI levels, whereas PLR did not differ significantly across tertiles. Both the prevalence of hyperuricemia and mean SUA concentrations increased progressively with rising AGP levels (P < .001)."
PMC13549558,gpt,36.06,4,"The fitted curve demonstrated a generally linear upward pattern of SUA levels across the range of AGP concentrations, with no apparent threshold or nonlinear inflection point detected within the observed range.",associational,supported,0.9,"The fitted curve demonstrated a generally linear upward pattern of SUA levels across the range of AGP concentrations, with no apparent threshold or nonlinear inflection point detected within the observed range."
PMC13549558,gpt,36.06,5,"No significant heterogeneity was detected across most subgroups, including those stratified by age, BMI, and underlying medical conditions (all P for interaction > .05).",associational,supported,0.86,"As shown in Figure 3, no significant heterogeneity was detected across most subgroups, including those stratified by age, BMI, and underlying medical conditions (all P for interaction > .05)."
PMC13549558,gpt,36.06,6,"However, a significant interaction was observed for race/ethnicity (P for interaction = .014).",associational,supported,0.85,"However, a significant interaction was observed for race/ethnicity (P for interaction = .014)."
PMC13549558,gpt,36.06,7,"The TyG index exerted a significant partial mediating effect. The total effect of AGP on SUA was partitioned into a direct effect (β = 0.52, P = .040) and an indirect effect mediated through the TyG index (β = 0.16, P < .001), with the indirect pathway accounting for 24.52% of the total effect.",quantitative,supported,0.95,"As illustrated in Figure 4, the TyG index exerted a significant partial mediating effect. The total effect of AGP on SUA was partitioned into a direct effect (β = 0.52, P = .040) and an indirect effect mediated through the TyG index (β = 0.16, P < .001), with the indirect pathway accounting for 24.52% of the total effect."
PMC13549558,gpt,36.06,8,"All markers showed statistically significant correlations with SUA (P < .05). Among them, AGP exhibited the strongest positive correlation with SUA (ρ = 0.27), followed by SIRI (ρ = 0.19) and NLR (ρ = 0.13), whereas PLR demonstrated a weak negative correlation (ρ = −0.07).",quantitative,supported,0.95,"Spearman correlation analysis was conducted to compare the relationships between systemic inflammatory markers (AGP, NLR, PLR, and SIRI) and SUA (Fig. 5A). All markers showed statistically significant correlations with SUA (P < .05). Among them, AGP exhibited the strongest positive correlation with SUA (ρ = 0.27), followed by SIRI (ρ = 0.19) and NLR (ρ = 0.13), whereas PLR demonstrated a weak negative correlation (ρ = −0.07)."
PMC13549558,gpt,36.06,9,"AGP had an area under the curve (AUC) of 0.641 (95% CI: 0.576–0.706, P < .001), which was higher than that of SIRI (AUC = 0.626), NLR (AUC = 0.577), and PLR (AUC = 0.531). However, the overall discriminative ability of all markers was modest.",quantitative,unsupported,,
PMC13549583,granite,54.18,0,"Each 1-unit increase in WWI was associated with 17% higher all-cause mortality risk (adjusted hazard ratio = 1.17, 95% CI: 1.09–1.26, P < .001) and 24% higher CVD mortality risk (adjusted hazard ratio = 1.24, 95% CI: 1.09–1.41, P = .001).",quantitative,supported,0.95,"Each 1-unit increase in WWI was associated with 17% higher all-cause mortality risk (adjusted hazard ratio = 1.17, 95% CI: 1.09–1.26, P < .001) and 24% higher CVD mortality risk (adjusted hazard ratio = 1.24, 95% CI: 1.09–1.41, P = .001)."
PMC13549583,granite,54.18,1,"Compared with the lowest quartile (Q1) of WWI, the highest quartile (Q4) had significantly elevated risks for both all-cause (adjusted hazard ratio = 1.28, 95% CI: 1.08–1.52, P = .005) and CVD mortality (adjusted hazard ratio = 1.39, 95% CI: 1.03–1.89, P = .033).",quantitative,supported,0.95,"Compared with the lowest quartile (Q1), the highest quartile (Q4) had significantly elevated risks for both all-cause (adjusted hazard ratio = 1.28, 95% CI: 1.08–1.52, P = .005) and CVD mortality (adjusted hazard ratio = 1.39, 95% CI: 1.03–1.89, P = .033)."
PMC13549583,granite,54.18,2,"WWI was positively associated with NLR (β = 0.10, 95% CI: 0.03–0.17, P = .004), and the indirect effect of NLR accounted for 6.66% of the total effect on all-cause mortality (β = −9.94, 95% CI:−20.90–−2.85, P < .001).",quantitative,supported,0.9,"Mediation models showed that WWI was positively associated with NLR (β = 0.10, 95% CI: 0.03–0.17, P = .004). After adjustment, WWI remained directly associated with all-cause (adjusted hazard ratio = 1.17, 95% CI: 1.09–1.26, P < .001) and CVD mortality (adjusted hazard ratio = 1.24, 95% CI: 1.09–1.41, P = .001). NLR independently predicted all-cause (adjusted hazard ratio = 1.11, 95% CI: 1.08–1.15, P < .001) and CVD mortality (adjusted hazard ratio = 1.09, 95% CI: 1.04–1.15, P < .001). The indirect effect of NLR accounted for 6.66% of the total effect on all-cause mortality (β = −9.94, 95% CI:−20.90–−2.85, P < .001)."
PMC13549583,granite,54.18,3,"Subgroup analyses revealed that the WWI-associated mortality risk was higher in men (adjusted hazard ratio for all-cause mortality = 1.23, 95% CI: 1.08–1.41) and more pronounced among younger patients.",quantitative,supported,0.85,"Subgroup analyses revealed significant effect modification. The WWI-associated mortality risk was higher in men (adjusted hazard ratio = 1.23, 95% CI: 1.08–1.41 for all-cause; adjusted hazard ratio = 1.33, 95% CI: 1.11–1.59 for CVD) and more pronounced among younger patients."
PMC13549583,gpt,40.83,0,"Multivariable Cox proportional hazards indicated that each 1-unit increase in WWI was associated with 17% higher all-cause mortality risk (adjusted hazard ratio [aHR] = 1.17, 95% CI: 1.09–1.26, P < .001) among patients with CKD.",quantitative,supported,0.98,"Multivariable Cox proportional hazards indicated that each 1-unit increase in WWI was associated with 17% higher all-cause mortality risk adjusted hazard ratio (aHR) = 1.17, 95% CI: 1.09–1.26, P < .001)"
PMC13549583,gpt,40.83,1,"Each 1-unit increase in WWI was associated with 24% higher cardiovascular (CVD) mortality risk (aHR = 1.24, 95% CI: 1.09–1.41, P = .001) among patients with CKD.",quantitative,supported,0.98,"Multivariable Cox proportional hazards indicated that each 1-unit increase in WWI was associated with … 24% higher CVD mortality risk (aHR = 1.24, 95% CI: 1.09–1.41, P = .001)."
PMC13549583,gpt,40.83,2,"Compared with the lowest WWI quartile (Q1), patients with CKD in the highest quartile (Q4) had a significantly elevated risk of all-cause mortality (aHR = 1.28, 95% CI: 1.08–1.52, P = .005) after full adjustment.",quantitative,supported,0.97,"Compared with the lowest quartile (Q1), the highest quartile (Q4) had significantly elevated risks for both all-cause (aHR = 1.28, 95% CI: 1.08–1.52, P = .005)…

Q4 4.34 (3.27–5.76) < .001 1.50 (1.26–1.78) < .001 1.28 (1.08–1.52) .005"
PMC13549583,gpt,40.83,3,"Compared with the lowest WWI quartile (Q1), patients with CKD in the highest quartile (Q4) had a significantly elevated risk of cardiovascular mortality (aHR = 1.39, 95% CI: 1.03–1.89, P = .033) after full adjustment.",quantitative,supported,0.97,"Compared with the lowest quartile (Q1), the highest quartile (Q4) had significantly elevated risks for both all-cause (aHR = 1.28, 95% CI: 1.08–1.52, P = .005) and CVD mortality (aHR = 1.39, 95% CI: 1.03–1.89, P = .033) (Table 2 and 3)."
PMC13549583,gpt,40.83,4,Kaplan–Meier curves stratified by WWI quartiles demonstrated progressively lower survival rates with increasing WWI among patients with CKD (log-rank P < .001).,associational,supported,0.9,Kaplan–Meier curves stratified by WWI quartiles demonstrated progressively lower survival rates with increasing WWI (log-rank P < .001) (Figs. 2A and 2B).
PMC13549583,gpt,40.83,5,"The WWI-associated mortality risk was higher in men with CKD (aHR = 1.23, 95% CI: 1.08–1.41 for all-cause; aHR = 1.33, 95% CI: 1.11–1.59 for CVD).",quantitative,supported,0.86,"The WWI-associated mortality risk was higher in men (aHR = 1.23, 95% CI: 1.08–1.41 for all-cause; aHR = 1.33, 95% CI: 1.11–1.59 for CVD) and more pronounced among younger patients."
PMC13549583,gpt,40.83,6,"In subgroups of CKD patients without hypertension, diabetes, or cardiovascular disease, WWI remained a strong predictor of mortality.",associational,supported,0.8,"In “low-risk” subgroups without hypertension, diabetes, or CVD, WWI remained a strong predictor of mortality."
PMC13549583,gpt,40.83,7,"Subgroup analyses stratified by baseline renal function (eGFR < 45, 45–60, and ≥ 60 mL/minute/1.73 m2) showed no significant interaction (all P for interaction > .05), indicating that the association between WWI and mortality remained consistent across different levels of kidney function.",associational,supported,0.9,"Furthermore, subgroup analyses stratified by baseline renal function (eGFR < 45, 45–60, and ≥ 60 mL/minute/1.73 m2) showed no significant interaction (all P for interaction > .05), indicating that the association between WWI and mortality remained consistent across different levels of kidney function (Figs. 3A and 3B)."
PMC13549583,gpt,40.83,8,"Mediation models showed that WWI was positively associated with NLR (β = 0.10, 95% CI: 0.03–0.17, P = .004) in patients with CKD.",quantitative,supported,0.94,"Mediation models showed that WWI was positively associated with NLR (β = 0.10, 95% CI: 0.03–0.17, P = .004)."
PMC13549583,gpt,40.83,9,"Neutrophil-to-lymphocyte ratio (NLR) independently predicted all-cause mortality in CKD patients (aHR = 1.11, 95% CI: 1.08–1.15, P < .001).",quantitative,supported,0.93,"NLR independently predicted all-cause (aHR = 1.11, 95% CI: 1.08–1.15, P < .001)…"
PMC13549583,gpt,40.83,10,"Neutrophil-to-lymphocyte ratio (NLR) independently predicted cardiovascular mortality in CKD patients (aHR = 1.09, 95% CI: 1.04–1.15, P < .001).",quantitative,,,
PMC13549596,granite,47.88,0,"CAP was characterized by enrichment of the tricarboxylic acid cycle and arachidonic acid metabolism, whereas COVID-19 showed predominant alterations in amino acid and purine metabolism.",qualitative,supported,0.95,"CAP was characterized by enrichment of the tricarboxylic acid cycle and arachidonic acid metabolism, whereas COVID-19 showed predominant alterations in amino acid and purine metabolism."
PMC13549596,granite,47.88,1,Nearly 73% of the detected metabolites (2596/3555) differed significantly between COVID-19 and CAP groups.,quantitative,supported,0.95,The analysis identified 2596 differing significantly between groups (73%).
PMC13549596,granite,47.88,2,"COVID-19 patients demonstrated a tendency toward higher ferritin and lower lymphocyte counts, although these differences were not statistically significant.",quantitative,supported,0.85,"COVID-19 patients demonstrated a tendency toward higher ferritin (672.92 vs 502.04) and lower lymphocyte counts (1070.82 vs 1293), although these differences were not statistically significant."
PMC13549596,granite,47.88,3,CAP patients demonstrated higher SOFA scores (4.19 ± 2.63 vs 2.32 ± 1.33; p < 0.0001) and Acute Physiology and Chronic Health Evaluation II scores (12.98 ± 5.92 vs 7.74 ± 3.55; p < 0.0001) compared to COVID-19 patients.,quantitative,supported,0.95,CAP patients demonstrated higher SOFA scores (4.19 ± 2.63 vs 2.32 ± 1.33; p < 0.0001) and Acute Physiology and Chronic Health Evaluation II scores (12.98 ± 5.92 vs 7.74 ± 3.55; p < 0.0001).
PMC13549596,granite,47.88,4,"Among high-confidence (level 1) metabolites, 67.6% of those upregulated in COVID-19 remained increased in both corticosteroid-treated and corticosteroid-naive subgroups.",quantitative,partially supported,0.9,Approximately 70% of metabolites upregulated in COVID-19 in the primary analysis remained increased in both subgroup comparisons.
PMC13549596,gpt,44.54,0,"In this matched cohort study of 92 hospitalized patients (46 COVID-19, 46 CAP), 3555 serum metabolites were detected, and 2596 differed significantly between groups (73%).",quantitative,supported,0.99,"In this matched cohort study of 92 hospitalized patients (46 COVID-19, 46 CAP), 3555 serum metabolites were detected, and 2596 differed significantly between groups (73%)."
PMC13549596,gpt,44.54,1,"CAP was characterized by enrichment of the tricarboxylic acid cycle and arachidonic acid metabolism, whereas COVID-19 showed predominant alterations in amino acid and purine metabolism.",qualitative,supported,0.98,"CAP was characterized by enrichment of the tricarboxylic acid cycle and arachidonic acid metabolism, whereas COVID-19 showed predominant alterations in amino acid and purine metabolism."
PMC13549596,gpt,44.54,2,"A total of 92 patients were included in the study, equally divided between the COVID-19 (n = 46) and CAP (n = 46) cohorts.",quantitative,supported,1.0,"A total of 92 patients were included in the study, equally divided between the COVID-19 (n = 46) and CAP (n = 46) cohorts."
PMC13549596,gpt,44.54,3,"Baseline demographic characteristics and comorbidity burden were comparable across both groups, including sex distribution (65.2% vs. 56.5% male; p = 0.520), mean age (70.9 ± 11.4 vs. 66.4 ± 12.7 yr; p = 0.08), and the CCI (3.52 ± 1.68 vs. 2.91 ± 1.74; p = 0.091).",quantitative,supported,0.96,"Baseline demographic characteristics and comorbidity burden were comparable across both groups, including sex distribution (65.2% vs. 56.5% male; p = 0.520), mean age (70.9 ± 11.4 vs. 66.4 ± 12.7 yr; p = 0.08), and the CCI (3.52 ± 1.68 vs. 2.91 ± 1.74; p = 0.091; Table 1)."
PMC13549596,gpt,44.54,4,CAP patients demonstrated higher SOFA scores (4.19 ± 2.63 vs. 2.32 ± 1.33; p < 0.0001) and Acute Physiology and Chronic Health Evaluation II scores (12.98 ± 5.92 vs. 7.74 ± 3.55; p < 0.0001) compared with COVID-19 patients.,quantitative,supported,0.99,"Specifically, CAP patients demonstrated higher SOFA scores (4.19 ± 2.63 vs. 2.32 ± 1.33; p < 0.0001) and Acute Physiology and Chronic Health Evaluation II scores (12.98 ± 5.92 vs. 7.74 ± 3.55; p < 0.0001; Table 1)."
PMC13549596,gpt,44.54,5,"Inflammatory biomarkers, as reflected by median procalcitonin (1.1 vs. 0.195 ng/mL; p = 0.002) and C-reactive protein levels (202.5 vs. 40.2 mg/L; p = 0.001), were significantly elevated in CAP compared with COVID-19, while greater respiratory impairment was noted as indicated by the lower Pao2/Fio2 ratio (260 vs. 307).",quantitative,partially supported,0.97,"Furthermore, inflammatory biomarkers, as reflected by median procalcitonin (1.1 vs. 0.195 ng/mL; p = 0.002) and C-reactive protein levels (202.5 vs. 40.2 mg/L; p = 0.001), were significantly elevated, while greater respiratory impairment was also noted, as indicated by the lower Pao2/Fio2 ratio (260 vs. 307)."
PMC13549596,gpt,44.54,6,LPS-stimulated IL-6 production was markedly elevated in COVID-19 compared with CAP patients (1834.00 vs. 274.48).,quantitative,supported,0.96,"Importantly, LPS-stimulated IL-6 production was markedly elevated in COVID-19 compared with CAP patients (1834.00 vs. 274.48)."
PMC13549596,gpt,44.54,7,Corticosteroids were more frequently administered in COVID-19 patients (50.0% vs. 30.4%; p < 0.001).,quantitative,supported,0.99,"Following international therapeutic guidelines, corticosteroids were more frequently administered in COVID-19 patients (50.0% vs. 30.4%; p < 0.001)."
PMC13549596,gpt,44.54,8,"Even though the ICU admission rate was higher in the COVID-19 group (17.39% vs. 8.69%; p = 0.167), no statistical difference was observed in 28-day and 90-day mortality, albeit both outcomes were arithmetically worse in the CAP cohort (13.04% vs. 28.26% and 19.56% vs. 34.78%, respectively).",quantitative,supported,0.93,"Finally, even though the ICU admission rate was higher in the COVID-19 group (17.39% vs. 8.69%; p = 0.167), no statistical difference was observed in 28-day and 90-day mortality, albeit both outcomes were arithmetically worse in the CAP cohort (13.04% vs. 28.26% and 19.56% vs. 34.78%, respectively)."
PMC13549596,gpt,44.54,9,"COVID-19 samples formed a distinct and tightly clustered group separated from CAP samples on principal component analysis, whereas CAP samples exhibited a more dispersed pattern.",qualitative,supported,,"To elucidate the metabolic profiles associated with COVID-19 and CAP, principal component analysis was performed. As shown in Figure 1A, COVID-19 samples formed a distinct and tightly clustered group, separated from those of CAP. In contrast, CAP samples exhibited a more dispersed pattern."
PMC13549639,granite,58.44,0,Chemotherapy-induced severe neutropenia was associated with female sex (P < .024).,quantitative,supported,0.95,There was a significant correlation between chemotherapy-induced severe neutropenia and female sex (P < .024).
PMC13549639,granite,58.44,1,Chemotherapy-induced severe neutropenia was associated with an ECOG performance score of 1 or 2 (P < .038).,quantitative,supported,0.95,There was a significant correlation between chemotherapy-induced severe neutropenia and an ECOG score of 1 or 2 (P < .038).
PMC13549639,granite,58.44,2,Chemotherapy-induced severe neutropenia was associated with more chemotherapy lines (P < .003).,quantitative,supported,0.95,Severe neutropenia was also associated with more chemotherapy lines (P < .003).
PMC13549639,granite,58.44,3,Chemotherapy-induced severe neutropenia was associated with a history of radiotherapy (P < .005).,quantitative,supported,0.95,Severe neutropenia was also associated with a history of radiotherapy (P < .005).
PMC13549639,granite,58.44,4,Chemotherapy-induced severe neutropenia was associated with fewer comorbidities (P < .005).,quantitative,supported,0.95,Severe neutropenia was also associated with fewer comorbidities (P < .005).
PMC13549639,granite,58.44,5,Female sex was an independent predictor of severe neutropenia (OR 1.84; 95% CI 1.06–3.18; P < .03).,quantitative,supported,0.95,Female sex (OR 1.84; 95% CI 1.06–3.18; P < .03) was found to be an independent predictor of severe neutropenia.
PMC13549639,granite,58.44,6,Number of chemotherapy lines was an independent predictor of severe neutropenia (OR 1.51; 95% CI 1.06–2.13; P < .02).,quantitative,supported,0.95,Number of chemotherapy lines (OR 1.51; 95% CI 1.06–2.13; P < .02) was found to be an independent predictor of severe neutropenia.
PMC13549639,granite,58.44,7,Radiotherapy history was an independent predictor of severe neutropenia (OR 2.53; 95% CI 1.04–6.19; P < .04).,quantitative,supported,0.95,Radiotherapy history (OR 2.53; 95% CI 1.04–6.19; P < .04) was found to be an independent predictor of severe neutropenia.
PMC13549639,granite,58.44,8,Comorbidity was an independent protective factor against severe neutropenia (OR 0.46; 95% CI 0.26–0.81; P < .007).,quantitative,supported,0.95,"Comorbidity (OR, 0.46; 95% CI 0.26–0.81; P < .007) was also found to be an independent predictor of severe neutropenia."
PMC13549639,gpt,34.86,0,"Overall, 74 patients (21.6%) experienced severe neutropenia.",quantitative,supported,0.98,"Overall, 74 patients (21.6%) experienced severe neutropenia."
PMC13549639,gpt,34.86,1,"Using the Pearson Chi-square test, we found that chemotherapy-induced severe neutropenia was associated with female sex (P < .024).",associational,partially supported,0.97,"Analysis of our data revealed a significant correlation between severe neutropenia and patient-specific characteristics, such as patient sex. Using the Pearson Chi-square test, we found that chemotherapy-induced severe neutropenia was associated with female sex (P < .024)."
PMC13549639,gpt,34.86,2,There was a significant correlation between chemotherapy-induced severe neutropenia and an ECOG score of 1 or 2 (P < .038).,associational,supported,0.95,There was a significant correlation between chemotherapy-induced severe neutropenia and an ECOG score of 1 or 2 (P < .038).
PMC13549639,gpt,34.86,3,Severe neutropenia was also associated with more chemotherapy lines (P < .003).,associational,supported,0.96,"Severe neutropenia was also associated with more chemotherapy lines (P < .003),"
PMC13549639,gpt,34.86,4,"Severe neutropenia was also associated with ... a history of radiotherapy (P < .005), and fewer comorbidities (P < .005).",associational,supported,0.95,"Severe neutropenia was also associated with more chemotherapy lines (P < .003), a history of radiotherapy (P < .005), and fewer comorbidities (P < .005)."
PMC13549639,gpt,34.86,5,"By univariate analysis, female gender (odds ratio [OR] 1.81; 95% confidence interval [CI] 1.08–3.04; P < .025) was associated with an increased risk of severe neutropenia occurrence.",associational,supported,0.98,"By univariate analysis (Table 2), female gender (odds ratio [OR] 1.81; 95% confidence interval [CI] 1.08–3.04;P < .025), ... were associated with an increased risk of severe neutropenia occurrence."
PMC13549639,gpt,34.86,6,"By univariate analysis, ECOG performance score (OR 1.67; 95% CI 1.12–2.50; P < .013) was associated with an increased risk of severe neutropenia occurrence.",associational,supported,0.97,"By univariate analysis (Table 2), ... ECOG performance score (OR 1.67; 95% CI 1.12–2.50; P < .013), ... were associated with an increased risk of severe neutropenia occurrence."
PMC13549639,gpt,34.86,7,"By univariate analysis, number of chemotherapy lines (OR 1.79; 95% CI 1.33–2.42; P < .001) was associated with an increased risk of severe neutropenia occurrence.",associational,supported,0.98,"By univariate analysis (Table 2), ... number of chemotherapy lines (OR 1.79; 95% CI 1.33–2.42; P < .001), ... were associated with an increased risk of severe neutropenia occurrence."
PMC13549639,gpt,34.86,8,"By univariate analysis, radiotherapy history (OR 3.18; 95% CI 1.38–7.34; P < .007) was associated with an increased risk of severe neutropenia occurrence.",associational,supported,0.98,"By univariate analysis (Table 2), ... radiotherapy history (OR 3.18; 95% CI 1.38–7.34; P < .007) were associated with an increased risk of severe neutropenia occurrence."
PMC13549639,gpt,34.86,9,"By univariate analysis, comorbidity (OR, 0.47; 95% CI 0.28–0.80; P < .005) was associated with a reduced risk of severe neutropenia.",associational,supported,0.98,"Comorbidity (OR, 0.47; 95% CI 0.28–0.80; P < .005) was associated with a reduced risk of severe neutropenia."
PMC13549639,gpt,34.86,10,"Age, body mass index, and number of chemotherapy drugs were not associated with an increased risk of severe neutropenia.",associational,supported,0.96,"Age, body mass index, and number of chemotherapy drugs were not associated with an increased risk of severe neutropenia."
PMC13549639,gpt,34.86,11,"After controlling for other variables, female sex (OR 1.84; 95% CI 1.06–3.18; P < .03) was found to be an independent predictor of severe neutropenia.",associational,supported,0.99,"After controlling for other variables, female sex (OR 1.84; 95% CI 1.06–3.18; P < .03), ... were found to be independent predictors of severe neutropenia."
PMC13549639,gpt,34.86,12,"After controlling for other variables, number of chemotherapy lines (OR 1.51; 95% CI 1.06–2.13; P < .02) was found to be an independent predictor of severe neutropenia.",associational,too vague,,
