paper_id,statement_index,granite_statement,granite_type,granite_verdict,granite_confidence,gpt_statement,gpt_type,gpt_verdict,gpt_confidence,granite_elapsed_sec,gpt_elapsed_sec
42703606,0,"Young adults who were born in or moved to a Most Disadvantaged neighborhood are disproportionately Black (i.e., 91.1% of those who stayed in Most Disadvantaged neighborhoods were Black), and those who were born in or moved to a Disadvantaged neighborhood are more likely to be Hispanic than another race/ethnicity.",descriptive,supported,0.95,"The average CVH score is 69.2 out of a possible 100 (higher scores indicate better CVH). Not surprisingly given the oversampling of disadvantaged families in FFCWS, this CVH score is below the average score of 74.9 obtained from a composite sample of six contemporary cohorts ages 20-39 in the US (Ning et al., 2024).",quantitative,supported,0.95,48.54,33.46
42703606,1,"Stayers in the Disadvantaged and Most Disadvantaged neighborhoods and especially movers between these two neighborhoods have substantially and significantly (p < 0.001) lower CVH scores (by 4.5, 6.3, and 9.8 points, respectively) than stayers in the Advantaged neighborhood.",quantitative,supported,0.98,"Three of the four clinical subscores (blood glucose, blood lipids, and blood pressure) are above 80 on average, reflecting relatively good health. Behavioral subscores (diet, physical activity, sleep, and nicotine exposure) and body mass index, however, have lower average scores. Diet and physical activity metrics are lowest at 39.7 and 42.7 respectively.",quantitative,supported,0.96,,
42703606,2,"Physical activity scores are about 27 points lower for Most Disadvantaged stayers and 35 points lower for Disadvantaged-Most Disadvantaged movers than for Advantaged stayers in the unadjusted model (p < 0.001), and 12 (p < 0.01) and 22 points (p < 0.05) lower respectively with the inclusion of control variables.",quantitative,supported,0.97,"Variables reflecting the race/ethnicity and schooling of the young adults are significantly related to the overall CVH score (Model 1) with sizeable coefficients (p < 0.001): about four and five points lower than Whites for Hispanic and Black young adults, respectively, and about 2.8 points higher on the CVH score for each additional year of schooling.",associational,supported,0.95,,
42703606,3,"Young adult schooling has a substantial and significant (p < 0.001) association with all four behavioral subscores: about 2.4 points higher per additional year of schooling for diet, three points higher for sleep, over five points higher for smoking, and almost eight points higher for physical activity.",quantitative,supported,0.96,"In Model 2, which includes only the neighborhood archetypes, stayers in the Disadvantaged and Most Disadvantaged neighborhoods and especially movers between these two neighborhoods (in either direction) have substantially and significantly (p < 0.001) lower CVH scores (by 4.5, 6.3, and 9.8 points, respectively) than stayers in the Advantaged neighborhood.",associational,supported,0.95,,
42703606,4,,,(no statement),,"As expected, the coefficients for neighborhoods are substantially attenuated in the presence of the control variables in Model 3, but the CVH score for the movers between the Disadvantaged and Most Disadvantaged neighborhoods remains significantly lower by about 6.6 points than that for the stayers in Advantaged neighborhoods.",associational,supported,0.94,,
42703606,5,,,(no statement),,"Overall, statistically significant associations with the neighborhood archetypes are more frequent for CVH-related behaviors than for clinical measures. The largest coefficients (in absolute value) are those for physical activity: about 27 and 35 points lower for the Most Disadvantaged stayers and Disadvantaged-Most Disadvantaged movers respectively than for Advantaged stayers in the unadjusted model (p < 0.001), and 12 (p < 0.01) and 22 points (p < 0.05) lower respectively with the inclusion of control variables.",associational,supported,0.9,,
42703606,6,,,(no statement),,"Young adult schooling has a substantial and significant (p < 0.001) association with all four behavioral subscores: about 2.4 points higher per additional year of schooling for diet, three points higher for sleep, over five points higher for smoking, and almost eight points higher for physical activity.",associational,unsupported,,,
PMC13548070,0,Aerobic exercise reduced body weight and fat mass in HFD-fed mice.,quantitative,supported,0.95,"Aerobic exercise reduced body weight and fat mass, improved circulating lipid profiles, and decreased serum creatinine and blood urea nitrogen levels in HFD-fed mice.",quantitative,supported,0.93,90.91,23.78
PMC13548070,1,Aerobic exercise improved circulating lipid profiles in HFD-fed mice.,quantitative,supported,0.95,"Exercise also alleviated renal tubular injury, mesangial expansion, interstitial fibrosis, podocyte foot process effacement, and renal lipid accumulation.",qualitative,supported,0.93,,
PMC13548070,2,Aerobic exercise decreased serum creatinine and blood urea nitrogen levels in HFD-fed mice.,quantitative,supported,0.95,"Mechanistically, aerobic exercise suppressed Drp1 phosphorylation at Ser616, reduced renal mtROS production and oxidative stress, improved mitochondrial morphology, restored mitochondrial membrane potential and ATP production, and modulated the expression of lipid-metabolism-related proteins.",qualitative,supported,0.94,,
PMC13548070,3,Aerobic exercise alleviated renal tubular injury in HFD-fed mice.,qualitative,supported,0.95,"Pharmacological inhibition of Drp1 with Mdivi-1 largely reproduced the metabolic, mitochondrial, and renoprotective effects of aerobic exercise.",qualitative,supported,0.9,,
PMC13548070,4,Aerobic exercise alleviated mesangial expansion in HFD-fed mice.,qualitative,supported,0.95,Drp1 was knocked down in palmitic acid (PA)-treated HK-2 cells to further evaluate the role of the Drp1-mtROS pathway in lipid overload-induced renal tubular cell injury.,experimental_setup,supported,0.87,,
PMC13548070,5,Aerobic exercise alleviated interstitial fibrosis in HFD-fed mice.,qualitative,supported,0.95,"Drp1 knockdown attenuated PA-induced mtROS accumulation, oxidative stress, mitochondrial dysfunction, and lipid deposition in HK-2 cells.",qualitative,supported,0.94,,
PMC13548070,6,Aerobic exercise alleviated podocyte foot process effacement in HFD-fed mice.,qualitative,supported,0.95,"Aerobic exercise exerts a protective effect on the kidneys of HFD-fed mice, at least in part, by inhibiting the Drp1-mtROS pathway.",qualitative,supported,0.95,,
PMC13548070,7,Aerobic exercise decreased renal lipid accumulation in HFD-fed mice.,qualitative,supported,0.95,,,(no statement),,,
PMC13548070,8,Aerobic exercise suppressed Drp1 phosphorylation at Ser616 in HFD-fed mice.,quantitative,supported,0.95,,,(no statement),,,
PMC13548070,9,Aerobic exercise reduced renal mtROS production in HFD-fed mice.,quantitative,supported,0.95,,,(no statement),,,
PMC13548070,10,Aerobic exercise reduced oxidative stress in HFD-fed mice.,qualitative,supported,0.95,,,(no statement),,,
PMC13548070,11,Aerobic exercise improved mitochondrial morphology in HFD-fed mice.,qualitative,supported,0.95,,,(no statement),,,
PMC13548070,12,Aerobic exercise restored mitochondrial membrane potential in HFD-fed mice.,quantitative,supported,0.95,,,(no statement),,,
PMC13548070,13,Aerobic exercise increased ATP content in HFD-fed mice.,quantitative,partially supported,0.95,,,(no statement),,,
PMC13548070,14,Aerobic exercise modulated the expression of lipid-metabolism-related proteins in HFD-fed mice.,qualitative,supported,0.95,,,(no statement),,,
PMC13548070,15,"Pharmacological inhibition of Drp1 with Mdivi-1 largely reproduced the metabolic, mitochondrial, and renoprotective effects of aerobic exercise in HFD-fed mice.",qualitative,supported,0.95,,,(no statement),,,
PMC13548070,16,"Drp1 knockdown attenuated PA-induced mtROS accumulation, oxidative stress, mitochondrial dysfunction, and lipid deposition in HK-2 cells.",qualitative,supported,0.95,,,(no statement),,,
PMC13548070,17,"Aerobic exercise exerts a protective effect on the kidneys of HFD-fed mice, at least in part, by inhibiting the Drp1-mtROS pathway.",qualitative,supported,0.95,,,(no statement),,,
PMC13548639,0,"The heritability of sarcopenia index (SI) was estimated to be 16.17% in the combined-sex analysis, and 17.83% and 18.82% in males and females, respectively.",quantitative,supported,0.95,"LDSC estimated the heritability of SI to be 16.17% in the combined-sex analysis, and 17.83% and 18.82% in males and females, respectively.",quantitative,supported,0.96,32.58,38.54
PMC13548639,1,"Eight loci overlapped with all three previously reported sarcopenia-related traits (ALM, handgrip strength, and walking pace).",quantitative,supported,0.9,"We identified 774 unique independent SI-associated loci across all analyses, with 747 detected in the combined-sex GWAS, 283 in the male-stratified GWAS, and 311 in the female-stratified GWAS.",quantitative,supported,0.96,,
PMC13548639,2,The locus rs1145093 at chr15q21.1 near GATM showed a strong gene–sex interaction signal (p = 1.26 × 10−27).,quantitative,supported,0.95,"Among loci detected in the sex-stratified GWAS, 135 were female-only significant loci and 112 were male-only significant loci.",quantitative,supported,0.95,,
PMC13548639,3,"The MAPK signaling pathway and cellular senescence pathway were consistently enriched across all analyses, indicating shared molecular mechanisms underlying sarcopenia.",qualitative,supported,0.9,"Three loci (rs1145093-chr15q21.1-GATM, rs6036481-chr20p11.21-CST3, rs1047891-chr2q34-CPS1) showed significant SDE signals, while an additional 30 loci exhibited suggestive evidence of sex-differentiated effects.",associational,supported,0.95,,
PMC13548639,4,,,(no statement),,The locus rs1145093 at chr15q21.1 near GATM showed a strong gene–sex interaction signal (p = 1.26 × 10−27).,associational,supported,0.97,,
PMC13548639,5,,,(no statement),,"Among these single-sex significant loci, 59 of 247 loci (23.9%) showed stronger associations in sex-stratified GWAS than in the combined-sex analysis, including 23 of 112 male-only significant loci (20.5%) and 36 of 135 female-only significant loci (26.7%).",quantitative,supported,0.94,,
PMC13548639,6,,,(no statement),,"Furthermore, 25 of 247 loci (10.1%) reached genome-wide significance only in sex-stratified analyses, comprising 8 of 112 male-only significant loci (7.1%) and 17 of 135 female-only significant loci (12.6%), but not in the combined-sex analysis.",quantitative,supported,0.94,,
PMC13548639,7,,,(no statement),,The Pearson correlation coefficient between effect allele frequencies in females and males across significant loci was 0.99.,quantitative,supported,0.93,,
PMC13548639,8,,,(no statement),,"Combined-sex, male-stratified and female-stratified SI showed significant associations in seven functional regions such as super enhancer, H3K27ac and conserved, whereas the UTR 3 and repressed regions were merely significant in female and combined-sex.",associational,supported,0.9,,
PMC13548639,9,,,(no statement),,"Among SI-associated loci, 367 loci (47.4%) showed no overlap with previously reported ALM-, HGS-, or WP-associated loci and were therefore classified as novel.",quantitative,unsupported,,,
PMC13548656,0,Procedural success was achieved in 424 patients (90.7%).,quantitative,supported,0.95,Procedural success was defined as residual MR ≤ mild and a mean mitral valve gradient < 5 mmHg at the conclusion of the procedure.,definition,supported,0.99,88.4,35.65
PMC13548656,1,"Among the machine learning algorithms, k-nearest neighbors demonstrated the highest testing accuracy (66%), followed by gradient boosting (64%), random forest (63%), and support vector machines (61%).",quantitative,supported,0.95,"A total of 481 patients underwent MTEER during the study period. Fourteen patients were excluded because of incomplete data, resulting in a final cohort of 467 patients.",quantitative,supported,0.99,,
PMC13548656,2,"The Xception model demonstrated the highest performance, achieving an AUC of 0.76 with favorable accuracy, sensitivity, and specificity.",quantitative,supported,0.95,"The mean age was 77 ± 11 years, and 44.7% of patients were female.",quantitative,supported,0.99,,
PMC13548656,3,Deep learning models consistently outperformed logistic regression.,qualitative,supported,0.9,"Hypertension, atrial fibrillation, and coronary artery disease were highly prevalent. Nearly 40% of patients had a prior hospitalization for heart failure.",quantitative,supported,0.95,,
PMC13548656,4,Logistic regression achieved a training accuracy of 66% and a testing accuracy of 69%.,quantitative,supported,0.95,"Most patients had moderate-to-severe or severe MR, with an equal distribution of degenerative and functional etiologies.",quantitative,supported,0.96,,
PMC13548656,5,The mean age of the cohort was 77 ± 11 years.,quantitative,supported,0.95,The mean left ventricular ejection fraction was 50 ± 17%.,quantitative,supported,0.99,,
PMC13548656,6,44.7% of patients were female.,quantitative,supported,0.95,Procedural success was achieved in 424 patients (90.7%).,quantitative,supported,0.99,,
PMC13548656,7,Nearly 40% of patients had a prior hospitalization for heart failure.,quantitative,supported,0.95,"A single device was implanted in 56.0% of cases, while multiple devices were required in the remaining patients.",quantitative,supported,0.98,,
PMC13548656,8,The mean post-procedural mitral valve gradient was 1.7 ± 0.9 mmHg.,quantitative,supported,0.95,The mean post-procedural mitral valve gradient was 1.7 ± 0.9 mmHg.,quantitative,supported,0.99,,
PMC13548656,9,Procedural success was defined as residual MR ≤ mild and a mean mitral valve gradient < 5 mmHg at the conclusion of the procedure.,definition,supported,0.99,Logistic regression achieved a training accuracy of 66% and a testing accuracy of 69%.,quantitative,supported,0.99,,
PMC13548656,10,A total of 34 predetermined echocardiographic measurements were selected as input features for model development.,quantitative,supported,0.95,"Among the machine learning algorithms, k-nearest neighbors demonstrated the highest testing accuracy (66%), followed by gradient boosting (64%), random forest (63%), and support vector machines (61%). Decision tree showed the lowest predictive performance, with a testing accuracy of 49%.",comparative,supported,0.99,,
PMC13548656,11,"The dataset was randomly divided into training and testing cohorts, with model training performed exclusively on the training set.",procedural,supported,0.99,"Deep learning models consistently outperformed logistic regression. Among the evaluated architectures, the Xception model demonstrated the highest performance, achieving an AUC of 0.76 with favorable accuracy, sensitivity, and specificity.",comparative,supported,,,
PMC13548656,12,"Three convolutional neural network architectures, Inception, Xception, and MobileNet, were evaluated for binary classification.",quantitative,supported,0.95,,,(no statement),,,
PMC13548656,13,A 10-fold cross-validation strategy was employed for model evaluation.,procedural,supported,0.99,,,(no statement),,,
PMC13548656,14,"The Xception model achieved the highest performance, with an AUC of 0.76.",quantitative,supported,0.95,,,(no statement),,,
PMC13548724,0,Moderate AS should be considered a continuous rather than a categorical spectrum of disease. A Vmax of 3.0 m/s is clinically and prognostically distinct from values approaching the severe range (3.8–3.9 m/s).,qualitative,supported,0.95,"Current European guidelines define moderate aortic stenosis by an aortic valve area (AVA) of 1.0–1.5 cm² (indexed AVA 0.60–0.85 cm²/m²), a peak jet velocity (Vmax) of 3.0–3.9 m/s, and/or a transvalvular mean gradient (MG) of 20–39 mmHg under normal-flow conditions.",definition,supported,0.98,41.02,45.65
PMC13548724,1,"CT-derived AVA and sex-specific AVC scoring provide flow-independent anatomical adjudication, while CMR adds robust assessment of SV, flow status, and ventricular remodeling.",qualitative,supported,0.93,Registry data suggest that moderate aortic stenosis accounts for 30–45% of clinically relevant aortic stenosis in elderly cohorts.,quantitative,supported,0.9,,
PMC13548724,2,"In moderate AS, FR < 218 mL/s was independently associated with a twofold higher risk of mortality and HF hospitalization, outperforming SVi.",quantitative,supported,0.9,Longitudinal studies reveal that many patients with moderate aortic stenosis progress to severe aortic stenosis within a few years.,associational,partially supported,0.85,,
PMC13548724,3,"In moderate AS with LV dysfunction, 61% reached a composite endpoint of death, AVR, or HF hospitalization within 4 years.",quantitative,supported,0.92,Adverse outcomes such as heart failure hospitalization and mortality can occur in patients with moderate aortic stenosis without apparent echocardiographic progression.,associational,partially supported,0.9,,
PMC13548724,4,Up to one-quarter of patients initially labeled moderate by TTE are re-stratified after multimodality testing.,quantitative,supported,0.88,"In the clinical staging system by Généreux et al., some patients present with acute decompensation, bypassing mild symptoms, and experience markedly higher mortality and heart failure hospitalization rates following aortic valve replacement.",associational,supported,0.86,,
PMC13548724,5,,,(no statement),,"Comorbidities, particularly chronic kidney disease, contribute to myocardial remodeling and dysfunction in patients with moderate aortic stenosis.",associational,partially supported,0.84,,
PMC13548724,6,,,(no statement),,A reduced transaortic flow rate (FR < 218 mL/s) has demonstrated prognostic value in aortic stenosis.,associational,supported,0.9,,
PMC13548724,7,,,(no statement),,"Observational studies consistently demonstrate a graded relationship between higher baseline peak velocity, mean gradient, and adverse outcomes, including faster progression to severe aortic stenosis, increased risk of heart failure hospitalization, and mortality.",associational,supported,0.92,,
PMC13548724,8,,,(no statement),,Patients with moderate aortic stenosis and high baseline aortic valve calcium scores tend to exhibit steeper annual increases in peak velocity and more rapid hemodynamic deterioration compared with those with lower calcific load.,associational,supported,0.9,,
PMC13548724,9,,,(no statement),,"In a multicenter study by Mittal et al., up to 23% of patients labeled severe by echocardiography were reclassified as moderate when CT-derived aortic valve area exceeded 1.0 cm².",quantitative,supported,0.93,,
PMC13548724,10,,,(no statement),,"Comparative studies show that CT-derived aortic valve area correlates with both catheter-derived and Doppler values, although CT yields slightly larger areas; thus, modality-specific cut-offs are recommended (< 1.2 cm² for CT versus < 1.0 cm² for transthoracic echocardiography) for severe aortic stenosis.",definition,supported,0.9,,
PMC13548724,11,,,(no statement),,"In a large multicenter cohort, transaortic flow rate < 218 mL/s was independently associated with a twofold higher risk of mortality and heart failure hospitalization, outperforming stroke volume index.",associational,supported,,,
PMC13549532,0,"Elevated serum anion gap (AG) is frequently associated with severe acid-base imbalances and poor outcomes in critically ill patients with metabolic acidosis, particularly in conditions such as sepsis.",associative,supported,0.95,"Despite modern advances in antibiotics, surgical techniques, imaging, and resuscitation, GI perforation in critically ill patients remains a major challenge, with mortality rates still ranging from 16.9% to 30%.",quantitative,supported,0.9,70.95,36.11
PMC13549532,1,"In the American MIMIC-IV cohort, patients with an AG ≥ 15 mmol/L (quartile 4) had a significantly higher risk of both in-hospital (HR = 5.97, 95% CI: 1.59–27.9, P = .038) and 28-day (HR = 5.26, 95% CI: 1.75–17.3, P = .020) all-cause mortality compared to those with an AG < 7.0 mmol/L (quartile 1).",quantitative,supported,0.98,"In the American MIMIC-IV cohort, there were 65 (11.8%) in-hospital mortalities and 136 (24.6%) 28-day mortalities, with the highest rates in quartile 4 (35 in-hospital mortalities [53.8%] and 55 28-day mortalities [40.4%]).",quantitative,supported,0.99,,
PMC13549532,2,"In the Chinese Central-III cohort, patients with an AG ≥ 14.3 mmol/L (quartile 4) had an increased risk of in-hospital (HR = 3.35, 95% CI: 1.62–7.29, P < .001) and 28-day (HR = 4.18, 95% CI: 2.21–8.13, P < .001) all-cause mortality compared to quartile 1.",quantitative,supported,0.97,"The Chinese Central-III cohort showed similar trends, with 100 (16.3%) in-hospital mortalities and 153 (24.8%) 28-day mortalities, also highest in quartile 4 (42 in-hospital mortalities [42.0%] and 66 28-day mortalities [43.1%]).",quantitative,supported,0.99,,
PMC13549532,3,Restricted cubic spline analysis revealed a nonlinear association between AG levels and all-cause mortality in the American MIMIC-IV cohort (nonlinear P = .0004 for both in-hospital and 28-day mortality).,associative,supported,0.96,"After adjusting for confounders in the MIMIC-IV cohort, patients with an AG ≥ 15 mmol/L (quartile 4) had a significantly higher risk of in-hospital all-cause mortality compared to those with an AG < 7.0 mmol/L (quartile 1).",associative,supported,0.99,,
PMC13549532,4,"In subgroup analyses among nondiabetic patients, AG levels were significantly associated with 28-day mortality in both the US MIMIC-IV cohort (P for trend = .023) and the Chinese Central-III cohort (P for trend = .011), as well as with in-hospital mortality in the Chinese Central-III cohort (P for trend = .047).",associative,supported,0.94,"After adjusting for confounders in the MIMIC-IV cohort, patients with an AG ≥ 15 mmol/L (quartile 4) had a significantly higher risk of 28-day all-cause mortality compared to those with an AG < 7.0 mmol/L (quartile 1).",associative,supported,0.99,,
PMC13549532,5,"ROC analysis in the Chinese Central-III cohort showed that the predictive performance of AG for both in-hospital and 28-day mortality in critically ill GI perforation patients was comparable to that of the SAPS II score, with AUC values of 0.833 (95% CI: 0.729–0.906) and 0.707 (95% CI: 0.615–0.774), respectively, outperforming lactate, albumin, and RDW.",quantitative,supported,0.96,"In the Chinese Central-III cohort, patients with an AG ≥ 14.3 mmol/L (quartile 4) had an increased risk of in-hospital all-cause mortality compared to quartile 1.",associative,supported,0.99,,
PMC13549532,6,,,(no statement),,"In the Chinese Central-III cohort, patients with an AG ≥ 14.3 mmol/L (quartile 4) had an increased risk of 28-day all-cause mortality compared to quartile 1.",associative,supported,0.99,,
PMC13549532,7,,,(no statement),,RCS analysis revealed a nonlinear association between AG levels and all-cause mortality in the American MIMIC-IV cohort for both in-hospital and 28-day mortality.,associative,supported,0.95,,
PMC13549532,8,,,(no statement),,"In the Chinese Central-III cohort, AG levels were nonlinearly associated with in-hospital and 28-day mortality, with nonlinear P-values of .0086 and .0095, respectively.",associative,supported,0.95,,
PMC13549532,9,,,(no statement),,"In the Central-III cohort, the critical AG levels associated with the lowest risk of in-hospital and",,,,,
PMC13549540,0,"An increase in GNRI in older adults is associated with a reduced risk of UI after adjusting for covariates, regardless of the type of UI.",quantitative,supported,0.95,"Of the study individuals, 32.1% disclosed a history of SUI, 36.5% manifested a previous occurrence of UUI, and 17.8% reported symptoms indicative of MUI.",quantitative,supported,0.98,22.8,40.58
PMC13549540,1,The smooth curve fitting shows a negative linear relationship between GNRI and UI.,quantitative,supported,0.9,"Based on the quartiles of GNRI, participants in the highest quartile had a lower risk of 3 types of UI (all P < .05).",associational,supported,0.9,,
PMC13549540,2,"The association between GNRI and SUI, MUI was stronger in men than in women.",quantitative,supported,0.85,"In model 3, there was a decrease in the risk of UI with each successive unit increase in GNRI (SUI: odds ratio [OR] = 0.986, 95% CI: 0.974–0.999; UUI: OR = 0.972, 95% CI: 0.961–0.983; MUI: OR = 0.972, 95% CI: 0.957–0.987, all P < .05).",associational,supported,0.99,,
PMC13549540,3,,,(no statement),,"In model 3, survey individuals belonging to the highest GNRI quartile (Q4) had a lower likelihood of UI compared to participants in the lowest group (Q1) (SUI: OR = 0.797, 95% CI: 0.672–0.945; UUI: OR = 0.722, 95% CI: 0.615–0.848; MUI: OR = 0.674, 95% CI: 0.538–0.845, all P for trend < .05).",associational,supported,0.99,,
PMC13549540,4,,,(no statement),,The results demonstrated that the GNRI was negatively related to the likelihood of UI.,associational,supported,0.94,,
PMC13549540,5,,,(no statement),,The smooth curve fitting revealed a negative linear association between GNRI and 3 types of UI.,associational,supported,0.92,,
PMC13549540,6,,,(no statement),,"Subgroup analysis stratified by gender, age, BMI, hypertension, and diabetes was conducted to explore the stability of the negative relationship between GNRI and UI. In Figure 3A, the negative association between GNRI and SUI was stronger in males compared to females. Additionally, a difference was observed in the relationship between GNRI and MUI as shown in Figure 3C (P for interaction < .05). In UUI, there were no significant differences in subgroups.",associational,partially supported,0.9,,
PMC13549540,7,,,(no statement),,"Our study indicated a negative relationship between GNRI and all 3 types of UI (SUI, UUI, and MUI). Notably, even upon stratification of GNRI into quartiles, the negative connection remained stable.",associational,supported,0.94,,
PMC13549540,8,,,(no statement),,"The relation between GNRI and SUI, MUI was stronger in men than in women.",associational,supported,,,
PMC13549558,0,"AGP was positively associated with SUA across all models. In the fully adjusted model (model 3), each 1 g/L increase in AGP was associated with a 0.68 mg/dL increase in SUA (β = 0.68, 95% CI: 0.28–1.09, P = .001).",quantitative,supported,0.95,"In the fully adjusted model (model 3), each 1 g/L increase in AGP was associated with a 0.68 mg/dL increase in SUA (β = 0.68, 95% confidence interval [CI]: 0.28–1.09, P = .001).",quantitative,supported,0.98,44.39,36.06
PMC13549558,1,The TyG index statistically accounted for 24.52% of the association between AGP and SUA.,quantitative,supported,0.9,"When AGP was analyzed as tertiles, participants in the highest tertile (Q3) had significantly higher SUA levels compared with those in the lowest tertile (Q1; β = 0.35, 95% CI: 0.11–0.58, P = .011).",quantitative,supported,0.98,,
PMC13549558,2,AGP exhibited the strongest positive correlation with SUA among the evaluated inflammatory markers (ρ = 0.27).,quantitative,supported,0.93,A significant dose-response relationship was also observed (P for trend = .003).,quantitative,supported,0.9,,
PMC13549558,3,"AGP had an area under the curve (AUC) of 0.641 for predicting hyperuricemia, which was higher than that of SIRI (AUC = 0.626), NLR (AUC = 0.577), and PLR (AUC = 0.531).",quantitative,supported,0.92,Both the prevalence of hyperuricemia and mean SUA concentrations increased progressively with rising AGP levels (P < .001).,associational,supported,0.96,,
PMC13549558,4,,,(no statement),,"The fitted curve demonstrated a generally linear upward pattern of SUA levels across the range of AGP concentrations, with no apparent threshold or nonlinear inflection point detected within the observed range.",associational,supported,0.9,,
PMC13549558,5,,,(no statement),,"No significant heterogeneity was detected across most subgroups, including those stratified by age, BMI, and underlying medical conditions (all P for interaction > .05).",associational,supported,0.86,,
PMC13549558,6,,,(no statement),,"However, a significant interaction was observed for race/ethnicity (P for interaction = .014).",associational,supported,0.85,,
PMC13549558,7,,,(no statement),,"The TyG index exerted a significant partial mediating effect. The total effect of AGP on SUA was partitioned into a direct effect (β = 0.52, P = .040) and an indirect effect mediated through the TyG index (β = 0.16, P < .001), with the indirect pathway accounting for 24.52% of the total effect.",quantitative,supported,0.95,,
PMC13549558,8,,,(no statement),,"All markers showed statistically significant correlations with SUA (P < .05). Among them, AGP exhibited the strongest positive correlation with SUA (ρ = 0.27), followed by SIRI (ρ = 0.19) and NLR (ρ = 0.13), whereas PLR demonstrated a weak negative correlation (ρ = −0.07).",quantitative,supported,0.95,,
PMC13549558,9,,,(no statement),,"AGP had an area under the curve (AUC) of 0.641 (95% CI: 0.576–0.706, P < .001), which was higher than that of SIRI (AUC = 0.626), NLR (AUC = 0.577), and PLR (AUC = 0.531). However, the overall discriminative ability of all markers was modest.",quantitative,unsupported,,,
PMC13549583,0,"Each 1-unit increase in WWI was associated with 17% higher all-cause mortality risk (adjusted hazard ratio = 1.17, 95% CI: 1.09–1.26, P < .001) and 24% higher CVD mortality risk (adjusted hazard ratio = 1.24, 95% CI: 1.09–1.41, P = .001).",quantitative,supported,0.95,"Multivariable Cox proportional hazards indicated that each 1-unit increase in WWI was associated with 17% higher all-cause mortality risk (adjusted hazard ratio [aHR] = 1.17, 95% CI: 1.09–1.26, P < .001) among patients with CKD.",quantitative,supported,0.98,54.18,40.83
PMC13549583,1,"Compared with the lowest quartile (Q1) of WWI, the highest quartile (Q4) had significantly elevated risks for both all-cause (adjusted hazard ratio = 1.28, 95% CI: 1.08–1.52, P = .005) and CVD mortality (adjusted hazard ratio = 1.39, 95% CI: 1.03–1.89, P = .033).",quantitative,supported,0.95,"Each 1-unit increase in WWI was associated with 24% higher cardiovascular (CVD) mortality risk (aHR = 1.24, 95% CI: 1.09–1.41, P = .001) among patients with CKD.",quantitative,supported,0.98,,
PMC13549583,2,"WWI was positively associated with NLR (β = 0.10, 95% CI: 0.03–0.17, P = .004), and the indirect effect of NLR accounted for 6.66% of the total effect on all-cause mortality (β = −9.94, 95% CI:−20.90–−2.85, P < .001).",quantitative,supported,0.9,"Compared with the lowest WWI quartile (Q1), patients with CKD in the highest quartile (Q4) had a significantly elevated risk of all-cause mortality (aHR = 1.28, 95% CI: 1.08–1.52, P = .005) after full adjustment.",quantitative,supported,0.97,,
PMC13549583,3,"Subgroup analyses revealed that the WWI-associated mortality risk was higher in men (adjusted hazard ratio for all-cause mortality = 1.23, 95% CI: 1.08–1.41) and more pronounced among younger patients.",quantitative,supported,0.85,"Compared with the lowest WWI quartile (Q1), patients with CKD in the highest quartile (Q4) had a significantly elevated risk of cardiovascular mortality (aHR = 1.39, 95% CI: 1.03–1.89, P = .033) after full adjustment.",quantitative,supported,0.97,,
PMC13549583,4,,,(no statement),,Kaplan–Meier curves stratified by WWI quartiles demonstrated progressively lower survival rates with increasing WWI among patients with CKD (log-rank P < .001).,associational,supported,0.9,,
PMC13549583,5,,,(no statement),,"The WWI-associated mortality risk was higher in men with CKD (aHR = 1.23, 95% CI: 1.08–1.41 for all-cause; aHR = 1.33, 95% CI: 1.11–1.59 for CVD).",quantitative,supported,0.86,,
PMC13549583,6,,,(no statement),,"In subgroups of CKD patients without hypertension, diabetes, or cardiovascular disease, WWI remained a strong predictor of mortality.",associational,supported,0.8,,
PMC13549583,7,,,(no statement),,"Subgroup analyses stratified by baseline renal function (eGFR < 45, 45–60, and ≥ 60 mL/minute/1.73 m2) showed no significant interaction (all P for interaction > .05), indicating that the association between WWI and mortality remained consistent across different levels of kidney function.",associational,supported,0.9,,
PMC13549583,8,,,(no statement),,"Mediation models showed that WWI was positively associated with NLR (β = 0.10, 95% CI: 0.03–0.17, P = .004) in patients with CKD.",quantitative,supported,0.94,,
PMC13549583,9,,,(no statement),,"Neutrophil-to-lymphocyte ratio (NLR) independently predicted all-cause mortality in CKD patients (aHR = 1.11, 95% CI: 1.08–1.15, P < .001).",quantitative,supported,0.93,,
PMC13549583,10,,,(no statement),,"Neutrophil-to-lymphocyte ratio (NLR) independently predicted cardiovascular mortality in CKD patients (aHR = 1.09, 95% CI: 1.04–1.15, P < .001).",quantitative,,,,
PMC13549596,0,"CAP was characterized by enrichment of the tricarboxylic acid cycle and arachidonic acid metabolism, whereas COVID-19 showed predominant alterations in amino acid and purine metabolism.",qualitative,supported,0.95,"In this matched cohort study of 92 hospitalized patients (46 COVID-19, 46 CAP), 3555 serum metabolites were detected, and 2596 differed significantly between groups (73%).",quantitative,supported,0.99,47.88,44.54
PMC13549596,1,Nearly 73% of the detected metabolites (2596/3555) differed significantly between COVID-19 and CAP groups.,quantitative,supported,0.95,"CAP was characterized by enrichment of the tricarboxylic acid cycle and arachidonic acid metabolism, whereas COVID-19 showed predominant alterations in amino acid and purine metabolism.",qualitative,supported,0.98,,
PMC13549596,2,"COVID-19 patients demonstrated a tendency toward higher ferritin and lower lymphocyte counts, although these differences were not statistically significant.",quantitative,supported,0.85,"A total of 92 patients were included in the study, equally divided between the COVID-19 (n = 46) and CAP (n = 46) cohorts.",quantitative,supported,1.0,,
PMC13549596,3,CAP patients demonstrated higher SOFA scores (4.19 ± 2.63 vs 2.32 ± 1.33; p < 0.0001) and Acute Physiology and Chronic Health Evaluation II scores (12.98 ± 5.92 vs 7.74 ± 3.55; p < 0.0001) compared to COVID-19 patients.,quantitative,supported,0.95,"Baseline demographic characteristics and comorbidity burden were comparable across both groups, including sex distribution (65.2% vs. 56.5% male; p = 0.520), mean age (70.9 ± 11.4 vs. 66.4 ± 12.7 yr; p = 0.08), and the CCI (3.52 ± 1.68 vs. 2.91 ± 1.74; p = 0.091).",quantitative,supported,0.96,,
PMC13549596,4,"Among high-confidence (level 1) metabolites, 67.6% of those upregulated in COVID-19 remained increased in both corticosteroid-treated and corticosteroid-naive subgroups.",quantitative,partially supported,0.9,CAP patients demonstrated higher SOFA scores (4.19 ± 2.63 vs. 2.32 ± 1.33; p < 0.0001) and Acute Physiology and Chronic Health Evaluation II scores (12.98 ± 5.92 vs. 7.74 ± 3.55; p < 0.0001) compared with COVID-19 patients.,quantitative,supported,0.99,,
PMC13549596,5,,,(no statement),,"Inflammatory biomarkers, as reflected by median procalcitonin (1.1 vs. 0.195 ng/mL; p = 0.002) and C-reactive protein levels (202.5 vs. 40.2 mg/L; p = 0.001), were significantly elevated in CAP compared with COVID-19, while greater respiratory impairment was noted as indicated by the lower Pao2/Fio2 ratio (260 vs. 307).",quantitative,partially supported,0.97,,
PMC13549596,6,,,(no statement),,LPS-stimulated IL-6 production was markedly elevated in COVID-19 compared with CAP patients (1834.00 vs. 274.48).,quantitative,supported,0.96,,
PMC13549596,7,,,(no statement),,Corticosteroids were more frequently administered in COVID-19 patients (50.0% vs. 30.4%; p < 0.001).,quantitative,supported,0.99,,
PMC13549596,8,,,(no statement),,"Even though the ICU admission rate was higher in the COVID-19 group (17.39% vs. 8.69%; p = 0.167), no statistical difference was observed in 28-day and 90-day mortality, albeit both outcomes were arithmetically worse in the CAP cohort (13.04% vs. 28.26% and 19.56% vs. 34.78%, respectively).",quantitative,supported,0.93,,
PMC13549596,9,,,(no statement),,"COVID-19 samples formed a distinct and tightly clustered group separated from CAP samples on principal component analysis, whereas CAP samples exhibited a more dispersed pattern.",qualitative,supported,,,
PMC13549639,0,Chemotherapy-induced severe neutropenia was associated with female sex (P < .024).,quantitative,supported,0.95,"Overall, 74 patients (21.6%) experienced severe neutropenia.",quantitative,supported,0.98,58.44,34.86
PMC13549639,1,Chemotherapy-induced severe neutropenia was associated with an ECOG performance score of 1 or 2 (P < .038).,quantitative,supported,0.95,"Using the Pearson Chi-square test, we found that chemotherapy-induced severe neutropenia was associated with female sex (P < .024).",associational,partially supported,0.97,,
PMC13549639,2,Chemotherapy-induced severe neutropenia was associated with more chemotherapy lines (P < .003).,quantitative,supported,0.95,There was a significant correlation between chemotherapy-induced severe neutropenia and an ECOG score of 1 or 2 (P < .038).,associational,supported,0.95,,
PMC13549639,3,Chemotherapy-induced severe neutropenia was associated with a history of radiotherapy (P < .005).,quantitative,supported,0.95,Severe neutropenia was also associated with more chemotherapy lines (P < .003).,associational,supported,0.96,,
PMC13549639,4,Chemotherapy-induced severe neutropenia was associated with fewer comorbidities (P < .005).,quantitative,supported,0.95,"Severe neutropenia was also associated with ... a history of radiotherapy (P < .005), and fewer comorbidities (P < .005).",associational,supported,0.95,,
PMC13549639,5,Female sex was an independent predictor of severe neutropenia (OR 1.84; 95% CI 1.06–3.18; P < .03).,quantitative,supported,0.95,"By univariate analysis, female gender (odds ratio [OR] 1.81; 95% confidence interval [CI] 1.08–3.04; P < .025) was associated with an increased risk of severe neutropenia occurrence.",associational,supported,0.98,,
PMC13549639,6,Number of chemotherapy lines was an independent predictor of severe neutropenia (OR 1.51; 95% CI 1.06–2.13; P < .02).,quantitative,supported,0.95,"By univariate analysis, ECOG performance score (OR 1.67; 95% CI 1.12–2.50; P < .013) was associated with an increased risk of severe neutropenia occurrence.",associational,supported,0.97,,
PMC13549639,7,Radiotherapy history was an independent predictor of severe neutropenia (OR 2.53; 95% CI 1.04–6.19; P < .04).,quantitative,supported,0.95,"By univariate analysis, number of chemotherapy lines (OR 1.79; 95% CI 1.33–2.42; P < .001) was associated with an increased risk of severe neutropenia occurrence.",associational,supported,0.98,,
PMC13549639,8,Comorbidity was an independent protective factor against severe neutropenia (OR 0.46; 95% CI 0.26–0.81; P < .007).,quantitative,supported,0.95,"By univariate analysis, radiotherapy history (OR 3.18; 95% CI 1.38–7.34; P < .007) was associated with an increased risk of severe neutropenia occurrence.",associational,supported,0.98,,
PMC13549639,9,,,(no statement),,"By univariate analysis, comorbidity (OR, 0.47; 95% CI 0.28–0.80; P < .005) was associated with a reduced risk of severe neutropenia.",associational,supported,0.98,,
PMC13549639,10,,,(no statement),,"Age, body mass index, and number of chemotherapy drugs were not associated with an increased risk of severe neutropenia.",associational,supported,0.96,,
PMC13549639,11,,,(no statement),,"After controlling for other variables, female sex (OR 1.84; 95% CI 1.06–3.18; P < .03) was found to be an independent predictor of severe neutropenia.",associational,supported,0.99,,
PMC13549639,12,,,(no statement),,"After controlling for other variables, number of chemotherapy lines (OR 1.51; 95% CI 1.06–2.13; P < .02) was found to be an independent predictor of severe neutropenia.",associational,too vague,,,
PMC13559705,0,"Prior myocardial infarction was the strongest independent predictor of post-PCI in-hospital HF in our cohort (OR = 6.205, P < 0.001).",quantitative,supported,0.95,"Despite substantial progress in guideline-directed pharmacological and interventional therapies, the prognosis of HF remains poor, with an estimated 5-year mortality approaching 50%.",quantitative,supported,0.94,179.47,46.23
PMC13559705,1,"Smoking was an independent risk factor for in-hospital HF in T2DM-STEMI patients undergoing emergency PCI (OR = 5.552, P < 0.001).",quantitative,supported,0.95,"Despite timely reperfusion with primary percutaneous coronary intervention (PCI), approximately one-quarter of patients are reported to develop HF during follow-up.",quantitative,supported,0.9,,
PMC13559705,2,"Higher admission peripheral WBC count was independently associated with higher odds of in-hospital HF (OR = 1.143 per 1 g/L increase, P < 0.001).",quantitative,supported,0.93,"This retrospective observational study was conducted at the People’s Hospital of Xinjiang Uygur Autonomous Region between January 1, 2022, and February 1, 2026.",design,supported,0.98,,
PMC13559705,3,"Lower admission hemoglobin was independently associated with greater odds of in-hospital HF (OR = 0.971 per 1 g/L increase, P < 0.001).",quantitative,supported,0.94,A total of 306 adult patients (≥18 years) with T2DM and STEMI who underwent emergency PCI were included in the final analytic cohort.,design,supported,0.99,,
PMC13559705,4,"Lower left ventricular ejection fraction (LVEF) was inversely associated with in-hospital HF (OR = 0.953 per 1 percentage-point increase, P = 0.040).",quantitative,supported,0.92,Patients were categorized according to the occurrence of new-onset in-hospital HF into an HF group (n = 65) and a non-HF group (n = 241).,design,supported,0.99,,
PMC13559705,5,"Higher admission systolic blood pressure was independently associated with in-hospital HF (OR = 1.018 per mmHg, P = 0.032).",quantitative,supported,0.88,"The cohort comprised 209 males and 97 females, with an age range of 50–95 years and a mean age of 62.497 ± 9.187 years.",quantitative,supported,0.98,,
PMC13559705,6,"Patients aged ≥75 years had a nearly 5-fold higher risk of in-hospital HF compared with those younger than 60 years (OR = 4.792, P = 0.013).",quantitative,supported,0.94,Diagnosis of T2DM required any one of the following: fasting plasma glucose ≥ 7.0 mmol/L; 2-hour plasma glucose ≥ 11.1 mmol/L during an oral glucose tolerance test; glycated hemoglobin (HbA1c) ≥ 6.5%; random plasma glucose ≥ 11.1 mmol/L in the presence of classic symptoms of hyperglycemia; or a previously established diagnosis of diabetes mellitus with ongoing glucose-lowering therapy.,threshold,supported,0.99,,
PMC13559705,7,"Regional wall motion abnormalities were independently associated with higher odds of in-hospital HF (OR = 2.415, P = 0.030).",quantitative,partially supported,0.91,"Diagnosis of acute STEMI required ischemic chest pain, new or presumed new significant electrocardiographic changes in at least two contiguous leads, and abnormal cardiac biomarkers with a rise and/or fall in cardiac troponin values with at least one value above the 99th percentile upper reference limit, further confirmed by coronary angiography and transthoracic echocardiography.",threshold,supported,0.99,,
PMC13559705,8,The model showed an apparent AUC of 0.881 (95% bootstrap CI: 0.829–0.924) for predicting in-hospital HF.,quantitative,supported,0.96,"The primary outcome was new-onset, clinically documented in-hospital HF occurring after emergency PCI during the index hospitalization, with maximum Killip class ≥ II in HF patients.",design,supported,0.97,,
PMC13559705,9,The model demonstrated good calibration with a Hosmer–Lemeshow p-value of 0.826 and a calibration slope of 0.88.,quantitative,supported,0.95,Patients who remained Killip class I without clinically documented HF throughout hospitalization were classified as the non-HF group.,design,supported,0.98,,
PMC13559705,10,"The study included 306 adult patients (≥18 years) with T2DM and STEMI who underwent emergency PCI, with 65 developing new-onset in-hospital HF and 241 not developing HF.",quantitative,supported,0.99,"BNP, NT-proBNP, and Killip classification were used only for outcome ascertainment and were excluded from predictor modeling.",design,supported,0.96,,
PMC13559705,11,"The study was conducted at the People’s Hospital of Xinjiang Uygur Autonomous Region between January 1, 2022, and February 1, 2026.",quantitative,supported,0.99,"The missing data rate for each variable ranged from 1.2% to 3.5%, and missing data were imputed using multiple imputation by chained equations, generating five imputed datasets.",design,supported,0.95,,
PMC13559705,12,"The primary outcome was new-onset, clinically documented in-hospital HF occurring after emergency PCI during the index hospitalization.",quantitative,supported,0.99,"Univariate binary logistic regression was initially performed for all eligible candidate variables, and variables with a univariate p-value < 0.05 were entered into the multivariable model, together with posterior wall MI (univariate p = 0.050) and clinically mandated covariates (age, sex, hypertension, and door-to-balloon time).",design,partially supported,0.96,,
PMC13559705,13,"Exclusion criteria included patients who did not undergo emergency PCI, had symptom-to-admission time >12 h, presented with cardiogenic shock on admission or died within 24 h of admission, had pre-existing HF, moderate-to-severe valvular heart disease, cardiomyopathy, chronic kidney disease, moderate-to-severe hepatic dysfunction, severe neurological disorders, psychiatric illnesses, medications affecting cardiac function, concomitant interstitial lung disease, pulmonary embolism, or primary blood disorders.",quantitative,supported,0.99,"The linearity of the logit for continuous predictors was assessed, and all variables satisfied the linearity assumption except age (p = 0.0055), which was therefore re-specified as categorical.",design,partially supported,0.95,,
PMC13559705,14,"The study identified several independent associations with new-onset in-hospital HF, including prior myocardial infarction, smoking, regional wall motion abnormalities, higher admission WBC count, higher admission systolic blood pressure, and age ≥75 years, while lower hemoglobin and lower LVEF were inversely associated.",quantitative,supported,0.96,"Age categories used in the primary model were < 60, 60–74, and ≥ 75 years.",design,,0.96,,
PMC13559705,15,"The model showed good internal discrimination (AUC 0.881) and calibration (Hosmer–Lemeshow p = 0.826, calibration slope = 0.88) but has not been externally validated and should be considered exploratory due to limited event-to-parameter ratio.",quantitative,supported,0.95,"The primary model estimated 15 regression coefficients (excluding the intercept; age contributed two indicator terms) with 65 HF events, corresponding to approximately 4.3 events per estimated coefficient.",design,,0.97,,
PMC13559705,16,The study highlights the need for prospective validation and external validation before clinical implementation of the risk model.,qualitative,,0.97,Continuous variables were expressed as mean ± SD for normally distributed data or as median with interquartile range (IQR) for non-normally distributed data; between-group comparisons used Welch’s t-test for continuous variables and the Mann–Whitney U test for skewed distributions.,design,,0.95,,
PMC13559705,17,,,(no statement),,"Categorical variables were presented as frequencies and percentages and compared using the Pearson χ² test, or Fisher’s exact test when expected cell counts were < 5.",design,,0.95,,
PMC13559705,18,,,(no statement),,The estimated glomerular filtration rate (eGFR) was calculated using the CKD-EPI 2009 equation without the race coefficient.,design,,0.94,,
PMC13559705,19,,,(no statement),,"All statistical analyses were performed using Python 3.12 with statsmodels 0.14, scikit-learn 1.x, SciPy 1.x, and Matplotlib.",design,,0.9,,
PMC13559705,20,,,(no statement),,"All tests were two-sided, and a p-value < 0.05 was considered statistically significant.",design,,0.98,,
PMC13559705,21,,,(no statement),,Age (years) did not differ significantly between HF and non-HF groups (63.723 ± 12.817 vs. 62.166 ± 7.933; t = +0.932; p = 0.354).,quantitative,,0.98,,
PMC13559705,22,,,(no statement),,Sex distribution was similar between HF and non-HF groups (male 67.7% vs. 68.5%; χ² = 0.014; p = 0.905).,quantitative,,0.98,,
PMC13559705,23,,,(no statement),,Prior myocardial infarction was more frequent in the HF group than in the non-HF group (43.1% vs. 12.4%; χ² = 31.263; p < 0.001).,quantitative,,0.99,,
PMC13559705,24,,,(no statement),,Smoking was more prevalent in the HF group than in the non-HF group (69.2% vs. 37.3%; χ² = 21.112; p < 0.001).,quantitative,,0.99,,
PMC13559705,25,,,(no statement),,Systolic blood pressure at admission tended to be higher in the HF group than in the non-HF group (130.215 ± 22.772 vs. 124.004 ± 22.121 mmHg; t = +1.963; p = 0.052).,quantitative,,0.96,,
PMC13559705,26,,,(no statement),,Left ventricular ejection fraction (LVEF) was lower in the HF group compared to the non-HF group (48.754 ± 8.553% vs. 51.085 ± 7.500%; t = -2.000; p = 0.048).,quantitative,,,,
